"","usdot","company_name","loc","delta","op_risk"
"1","3134265","ROGER D MORRIS LLC","GA-FULTON",0.114724142889638,0.954049558135505
"2","3262495","ACTIVE TRANSPORT LLC","IN-ALLEN",0.111923034554641,0.985316236354185
"3","2404651","SOLOYMI INC","IL-WILL",0.0951582593769518,0.969277421590712
"4","1479588","THREE WAY LOGISTICS INC","CA-ALAMEDA",0.0905533110980116,0.970947842661584
"5","3150051","CHRISMA CARRIERS LLC","GA-FAYETTE",0.0351097878657547,0.96136198232542
"6","2207361","LIONHART TRANSPORTATION LLC","FL-SAINT JOHNS",0.0275444694101425,0.97690175012996
"7","2424751","HOOVER TRANSPORTATION SERVICES LLC","TX-HARRIS",0.021454470599524,0.970452261306533
"8","1319241","TOP TRUCKING CORP. OF NC","NC-FORSYTH",0.013726906806013,0.956718073124242
"9","1753528","OC TRANSPORTATION INC","GA-DE KALB",0.0100180319911741,0.950154219372726
"10","3135519","CORE TRUCKING LLC","OH-GREENE",0.00326278304814287,0.950888927395599
"11","3182129","SOJO TRUCKING LLC","GA-FULTON",0.606674970422115,0.666653959452435
"12","3234248","AI TRANSPORT INC","MS-GRENADA",0.574155303088034,0.594070351758794
"13","3097400","RIMA TRANSPORT LLC","NC-CABARRUS",0.574155303088034,0.594070351758794
"14","3306758","MBJM TRUCKING LLC","GA-FULTON",0.558142653665921,0.61812164269624
"15","1496190","TKM BENGARD FARMS LLC","FL-PALM BEACH",0.537848078884236,0.891481545659331
"16","1820537","NABOT TRANSPORT SOLUTIONS LLC","TX-DALLAS",0.529227481137715,0.873748050597817
"17","3198088","SHARK FREIGHT INC","IL-COOK",0.508116661636809,0.568095650667129
"18","2636594","ADASA FRESH LLC","GA-CLAYTON",0.505773991937767,0.865791024085947
"19","2250542","AMBROSE TRANSPORTATION INC","TX-HARRIS",0.458727001735548,0.772216253682204
"20","2123356","SUMMIT ENERGY SERVICES INC","TX-TARRANT",0.423528280622571,0.78354531277075
"21","1201577","HERACLIO FELIPE ESCOBAR","FL-PALM BEACH",0.387416688177587,0.747433720325767
"22","2882409","COURIER EXPERIENCE LLC","GA-MUSCOGEE",0.369134210191622,0.682623462138278
"23","3186407","THOMAS & THOMAS FREIGHT LOGISTICS INC","TX-DALLAS",0.300697516993828,0.919355397678045
"24","3250879","VIRLEO TRUCK CONSULTING LLC","GA-DE KALB",0.300697516993828,0.919355397678045
"25","1382143","JIREH TRANSPORTATION & TRUCKING LLC","MD-PRINCE GEORGES",0.300370459213899,0.849364061687749
"26","2057731","MID STATE THERMO KING","GA-CLAYTON",0.297127231728648,0.357106220758967
"27","2792848","FULLINGTON TRANSPORT LLC","GA-JONES",0.297127231728648,0.357106220758967
"28","3288632","ENSURITY SERVICES INC","NC-CUMBERLAND",0.294142570416531,0.865791024085947
"29","2313377","TOP NOTCH DELIVERIES LLC","CO-ADAMS",0.290831788965699,0.310746837636458
"30","3266506","HYPER LANE LOGISTICS CORP","TX-COLLIN",0.289153682415616,0.895009530410674
"31","3068075","ROBERSON CARGO LLC","GA-CLAYTON",0.28398984068123,0.902647721365448
"32","2528603","THE BROWN GROUP SAVANNAH LLC","GA-CHATHAM",0.281750347306537,0.341729336336857
"33","2855910","GLOBAL TECHNOLOGY SERVICES INC","MN-HENNEPIN",0.280581099812138,0.594070351758794
"34","2375778","SUPERMAN EXPRESS LLC","GA-BUTTS",0.25810461054806,0.61812164269624
"35","3249121","IKENTCOM LOGISTICS LLC","CA-SAN DIEGO",0.25810461054806,0.61812164269624
"36","3220837","A TREKS SOLUTIONS LLC","GA-DE KALB",0.25810461054806,0.61812164269624
"37","3217868","LOADEX LTD CO","SC-CHARLESTON",0.250767848606139,0.310746837636458
"38","3128220","MUSTIC LOGISTICS LLC","GA-GWINNETT",0.250767848606139,0.310746837636458
"39","2593011","UNITED TOUR LOGISTICS SERVICES","GA-GWINNETT",0.245798251164938,0.605815283313117
"40","3104538","LION DYNASTY TRANSPORTATION LLC","VA-BEDFORD",0.245798251164938,0.605815283313117
"41","2989115","REGAIN FORCE LLC","TX-TARRANT",0.239966352228787,0.805981632299428
"42","1766544","SLAM TRUCKING LLC","FL-ORANGE",0.220754487463797,0.884449835383816
"43","2060075","SAFE TRUCK TRANSPORT LLC","TX-DALLAS",0.212356654673548,0.232271703344308
"44","3102875","BROTHERS DN TRUCKING LLC","IL-DU PAGE",0.209689316710655,0.803957719632646
"45","3144893","J N RUCKER LLC","GA-GWINNETT",0.202686851275746,0.768702131346387
"46","2634892","JVN EXPRESS INC.","FL-DADE",0.201197286231264,0.736132386068272
"47","2277322","TRANSPORT DEPOT PRODUCE AND DRY INC","FL-DADE",0.172150285393357,0.215945243458673
"48","3090708","MOVERS AND SHAKERS LOGISTIC LLC","FL-BROWARD",0.164887432086533,0.78354531277075
"49","2948039","ATX LOGISTICS LLC","AL-RUSSELL",0.153848279845886,0.823832957892913
"50","2836475","MY TURN TRUCKING LLC","GA-COBB",0.140665108674009,0.888369433373765
"51","2431635","XAX LLC","GA-DOUGLAS",0.128775839641549,0.747433720325767
"52","3224925","H TWO TRUCKING INC","CA-FRESNO",0.126343098750424,0.895009530410674
"53","3233182","NBE FINANCIAL NETWORK INC","FL-DADE",0.125820051543874,0.897892912840062
"54","3317124","FREIGHT ANGELS INC","SC-SPARTANBURG",0.111330942608096,0.83462484837983
"55","2519721","YG TRUCKING LLC","NC-MECKLENBURG",0.10990780661133,0.892545486050944
"56","2951385","GOLDENJAY TRANSPORT LLC","FL-BROWARD",0.100992445052605,0.78354531277075
"57","2976933","ARE TRANSPORT L L C","GA-CLAYTON",0.0999810282085432,0.341729336336857
"58","2350919","CLOUD CARTEL LLC","TX-COLLIN",0.0969764090933292,0.872410327499567
"59","3108800","HAZZAN EXPRESS LLC","NC-MECKLENBURG",0.0966192591859454,0.664997400797089
"60","3208560","DYNAMIC TRANSPORTATION LP","GA-TROUP",0.0804571724411208,0.828161497140877
"61","3148234","KSR LOGISTICS LLC","GA-FULTON",0.0774522694051624,0.671720672327153
"62","2556233","MASADA BAKERY LLC","GA-GWINNETT",0.0754837497566442,0.605815283313117
"63","3104092","VECTOUR FREIGHT SERVICES LLC","GA-FULTON",0.0693261470738715,0.742685843008144
"64","3130905","S & T DELIVERY LLC","FL-DUVAL",0.0677672432929903,0.747433720325767
"65","2412377","WEST GULF LOGISTIC LLC","FL-COLLIER",0.066220471696016,0.813924796395772
"66","1040393","CATALINA COLD TRANSFER INC.","FL-DADE",0.0648808526076209,0.747433720325767
"67","3171157","ACS EXPRESS INC","GA-CLAYTON",0.0648808526076209,0.747433720325767
"68","1882688","M DEWAYNE GAINOUS","FL-GADSDEN",0.0639655814540599,0.682623462138278
"69","3255323","SEIF ALI SEIF","TX-COLLIN",0.0639655814540599,0.682623462138278
"70","3125114","KREWSHALL CORP","GA-FULTON",0.0639655814540599,0.682623462138278
"71","3329080","D & D WILLIAMS TRANSPORT LLC","GA-CLAYTON",0.0639655814540599,0.682623462138278
"72","3301813","FASTRAK ENTERPRISE INC","TX-JEFFERSON",0.0610718022130272,0.679729682897245
"73","3232254","ONE SOURCE LOGISTICS LLC","TX-ECTOR",0.0546693487260607,0.0581909547738693
"74","1244207","GURMAN TRUCKING INC","IL-DU PAGE",0.0460923360130924,0.663434413446543
"75","2401154","BIZ TRUCKING LLC","KY-WARREN",0.0436169688123114,0.357106220758967
"76","1070132","CASEY A SMITH INC","FL-HIGHLANDS",0.0411449316233894,0.723697799341535
"77","3040108","CHOICE NATIONAL TRANSPORT CORP","FL-DADE",0.0403642870916454,0.86962398197886
"78","1066316","AGP LLC","MA-MIDDLESEX",0.0396367652887218,0.932313290590885
"79","2983537","JELFORD TRUCKING INC","TX-DALLAS",0.0365289515242777,0.775619476693814
"80","3201350","ADELLE'S TRUCKING LLC","FL-BROWARD",0.0331682986139266,0.838523652746491
"81","1689585","COURIERNET INC","GA-COBB",0.0318886767698927,0.771939005371686
"82","3050057","PREVAIL LOGISTICS INC","GA-DE KALB",0.0307112348968033,0.813924796395772
"83","1820147","SHORE AND SHORE HOLDINGS LLC","GA-GWINNETT",0.0293143977408743,0.849939351932074
"84","2870368","SEYMOURWYNN INVESTMENTS LLC","FL-MARION",0.0285238012264083,0.803957719632646
"85","2186484","JONCO TRANSPORTATION INC.","GA-NEWTON",0.0280963736229883,0.885347426789118
"86","3185750","MJB TRANSPORTS LLC","GA-FULTON",0.0250026931436286,0.838811297868654
"87","3054891","PHOENIX SOUTHEAST TRANSPORTATION LLC","GA-FULTON",0.0250026931436286,0.838811297868654
"88","3020129","STRAIGHT THROUGH LOGISTICS LLC","FL-ORANGE",0.0204397824195094,0.742574943683937
"89","2515213","THIN BLUE LINE WORLDWIDE TRANSPORTATION LLC","FL-CITRUS",0.0177946679286264,0.857120083174493
"90","2536223","DESTINATION UNLIMITED","GA-LIBERTY",0.0167357998277397,0.845995494714954
"91","2628835","MSA TRANSPORT SOLUTIONS INC","FL-DUVAL",0.0165889451762367,0.925718246404436
"92","2371047","PARS TRANSPORT LP","GA-GWINNETT",0.0159335323478692,0.975293709928955
"93","2528807","GRACEKENNEDY FOODS USA LLC","NJ-BERGEN",0.0130622240675505,0.948573904002773
"94","2373795","FIRST WAY LOGISTIC TRUCKING INC.","FL-DADE",0.0120653135741179,0.821486744065153
"95","2450976","PARCHIE'S ENTERPRISES LLC","FL-PALM BEACH",0.0117088327486536,0.73744238433547
"96","3115891","BLACK HAWK TRANSPORT LLC","GA-CHATHAM",0.0108879416742533,0.908715993761913
"97","3078650","LONG DISTANCE MOVING EXPERTS INC","IL-COOK",0.0095516029814392,0.838811297868654
"98","1572882","KINGS GLOBAL EXPRESS LLC","TX-ROCKWALL",0.00926376620400493,0.682623462138278
"99","2146879","BLACK SCORPION ENTERPRISES INC","GA-DE KALB",0.00887339622691685,0.913242072431121
"100","1546570","JUST JOSH ENTERPRISE LLC","GA-COBB",0.00837861032893683,0.880661930341362
"101","1750942","QUEST EXPRESS INC","FL-DADE",0.00766284886603463,0.836922543753249
"102","1137300","OMEGA MOULDING CO. LTD.","NY-SUFFOLK",0.00750266781688935,0.778336510136891
"103","2784657","GREEN LOGISTICS LLC","FL-HILLSBOROUGH",0.00691998318680687,0.997199792063767
"104","2311860","PICASSO LOGISTICS LLC","GA-COBB",0.00482081622179797,0.669824987003985
"105","2854997","TEXAS NOOR INC","TX-COLLIN",0.00447397014694395,0.850531970195807
"106","1267045","RESIDENTIAL ELEVATORS INC.","FL-WAKULLA",0.00445432771323129,0.962006584647375
"107","3062508","TAYLAR TRANSPORTATION AND LOGISTICS CO. LLC","GA-CLAYTON",0.00397263682347415,0.945780627274303
"108","1203189","ELITE FLOWER SERVICES INC","FL-MIAMI-DADE",0.00270774007955399,0.98877837463178
"109","3041442","ERT LOGISTICS LLC","FL-DADE",0.00254002344025617,0.883049731415699
"110","2870045","IDELIVERTL LLC","SC-YORK",0.00236845343534109,0.996260613411887
"111","1875706","KGI TRADING GA INC","GA-GWINNETT",0.00178699036721552,0.908508057529024
"112","2576454","TOUCHDOWN TRANSPORTATION LLC","TX-COLLIN",0.00149570847589853,0.966775255588286
"113","2957281","K & M EXPRESS LLC","MI-INGHAM",0.00145946688130583,0.992542020447063
"114","1397309","QUALITY TIRE RECYCLING INC","GA-BUTTS",0.00135130557249397,0.967451048345174
"115","3073638","EXPRESS DEDICATED LLC","TN-HAMILTON",0.00131774268841844,0.99333217813204
"116","3119381","FINISHLINE LOGISTICS LLC","FL-PALM BEACH",0.00125256961472997,0.740343094784266
"117","2901586","HANDSOME HOTSHOTS LLC","TX-DENTON",0.00121001844313373,0.881608040201005
"118","2278152","D K TRANSPORT LLC","GA-GWINNETT",0.00110613569765239,0.870670594351066
"119","2334503","RTH TRUCKING INC","GA-DE KALB",0.00109992634504663,0.823832957892913
"120","2137001","HUGHES & SONS TRANSPORT LLC","GA-FULTON",0.00109992634504663,0.823832957892913
"121","2524567","GEMS TRANSFER LLC","FL-POLK",0.000907137422364257,0.998076589845781
"122","3051495","NEW VBB LLC","FL-DUVAL",0.000783219014209413,0.936839369260094
"123","2336057","DIAMOND FREIGHT INC","GA-MERIWETHER",0.000781268992881001,0.865791024085947
"124","2540986","TENNESSEE PRIDE LLC","TN-BRADLEY",0.000767100436936619,0.972067232715301
"125","2533432","KELDEX EXPRESS TRANSPORTATION LLC","FL-HILLSBOROUGH",0.000738957738123935,0.957341881822908
"126","2541619","BSM LOGISTICS ATL INC","GA-FULTON",0.000729006844008562,0.956284872639057
"127","1334691","SUPERSONIC OF FLORIDA CORP","FL-ORANGE",0.000703300326217349,0.933346040547565
"128","3172285","MONGOOSE TRUCKING LLC","GA-GWINNETT",0.000698449397631973,0.796302200658465
"129","1215261","SIGNATURE TRUCKING INC","TX-HARRIS",0.000698298601401581,0.937002252642523
"130","1369272","BAR-S FOODS CO.","AZ-MARICOPA",0.000623573341879569,0.938679604921158
"131","2562187","DAOL GLOBAL LOGISTICS LLC","GA-FAYETTE",0.000564597210679585,0.956828972448449
"132","2845024","CCM TRUCKING & LOGISTICS LLC","GA-FULTON",0.000521561282483485,0.91223011609773
"133","2964108","CHISM TRUCKING INC","TX-BEXAR",0.000516826423572425,0.946345520706983
"134","2726347","CGD LOGISTIC INC.","FL-DADE",0.000505806457119173,0.96363888407555
"135","1059892","BARRETTE LOGISTICS INC","FL-HERNANDO",0.00047237673384426,0.957036908681338
"136","1553485","OCEAN TRUCKERS INC.","GA-COBB",0.000446909370867221,0.950788424883036
"137","1772436","GSV TRANSPORTATION INC.","CA-SAN BERNARDINO",0.000434843616165526,0.957407728296656
"138","2988130","WARRIOR FREIGHT SYSTEMS LLC","MI-OAKLAND",0.000411089103386164,0.975512042973488
"139","1837001","SIMMONS & SONS INC","GA-FULTON",0.000403893569800862,0.723697799341535
"140","1061504","C NEAL TRUCKING LLC","GA-DE KALB",0.000403893569800862,0.723697799341535
"141","1037784","GASTON TREE DEBRIS RECYCLING LLC","FL-ALACHUA",0.000391230169975998,0.953224744411714
"142","2420515","DOMENICO FOOD PRODUCTS INC.","CO-DOUGLAS",0.000361519647580022,0.561937272569745
"143","2818659","SUPREME LINEN SERVICES INC.","FL-DADE",0.000352048829055596,0.726085600415872
"144","1983337","A CHAIR AFFAIR INC.","FL-ORANGE",0.000352048829055596,0.726085600415872
"145","3256470","WORTHY TRANSPORTATION LLC","FL-OSCEOLA",0.000352048829055596,0.726085600415872
"146","3258155","GREATER VISION HAULING LLC","GA-CLARKE",0.000352048829055596,0.726085600415872
"147","1496882","AIN EXPRESS LLC","TX-FORT BEND",0.000341927858274138,0.97443770577023
"148","1423138","D BLACK ENTERPRISE CORP","GA-HENRY",0.000332400020945589,0.964467163403223
"149","3033202","LOGISTICS & FREIGHT TRANSPORTATION INC","GA-FULTON",0.000331751271781644,0.78354531277075
"150","3011744","ROY D WILSON","MO-WEBSTER",0.000331751271781644,0.78354531277075
"151","3028160","HAVANA WAY TRANSPORT INC","TX-DALLAS",0.000331751271781644,0.78354531277075
"152","1210012","JMJ TRANSFER LLC","GA-WEBSTER",0.000331751271781644,0.78354531277075
"153","2889827","RCDC TRANSPORT INC","OH-HAMILTON",0.000307507393966899,0.874517414659504
"154","2464342","K & K TRANSPORTATION LLC","FL-DADE",0.000307507393966899,0.874517414659504
"155","2077814","SHAW AND SONS TRUCKING LLC","FL-DUVAL",0.000298414926777402,0.925479119736614
"156","3003853","MOVING DUDES LLC","FL-BROWARD",0.000293987889577352,0.992507364408248
"157","1055865","CAMBRIA CO. LLC","MN-LE SUEUR",0.000293535392025035,0.995522439785133
"158","2089174","AREL TRUCKING INC","FL-DADE",0.000288161859610669,0.970701784785999
"159","2578631","INPAX SHIPPING SOLUTIONS INC","GA-FULTON",0.00028744519347923,0.99392133079189
"160","2205701","ORDER MY STEP TRANSPORTATION LLC","GA-DOUGLAS",0.000275047365326464,0.938118177092358
"161","1071923","VELOX TRANSPORT SERVICES LLC","FL-DADE",0.000273824255128785,0.95107953560908
"162","3285976","ELITE TECHNOLOGY LLC","GA-FULTON",0.000258101531568911,0.919355397678045
"163","2062365","COBBS TRUCKING LLC","GA-FULTON",0.000258101531568911,0.919355397678045
"164","3060769","FORMULA EXPRESS LLC","FL-DADE",0.000252141663446226,0.989059088546179
"165","3032558","IBERO-AMERICAN HOLDINGS LLC","FL-DADE",0.000251338574031923,0.971956333391093
"166","2916367","HAMIDIY INC","OH-FRANKLIN",0.000237725945379963,0.919275688788771
"167","3140944","BIG BELL TRUCKING LLC","NY-QUEENS",0.000233378509526982,0.763961185236527
"168","2579318","JACKET TRANSPORT LLC","GA-COBB",0.000228888284751094,0.908715993761913
"169","3191543","BILLINGSLEA INC","GA-COBB",0.000207355932900111,0.997338416219026
"170","1257074","OMNI LINEN SERVICES LLC","CO-MESA",0.000201770787422895,0.984352798475134
"171","2478248","STAGE 3 GROUP LLC","GA-HENRY",0.00020132571658793,0.911616704210709
"172","1557742","ATL TRANSPORT INC.","GA-DE KALB",0.000201016709505009,0.981999653439612
"173","1749152","KAVIN TRANSPORT INC.","TX-TARRANT",0.000198666746140663,0.905596950268584
"174","2919128","DAVIS NATIONAL TRANSPORT LLC","GA-DE KALB",0.000185558287576271,0.775619476693814
"175","2593461","RDL TRUCKING LLC","GA-DEKALB",0.000179151824569068,0.905395945243459
"176","2865311","DKY EXPRESS LLC","FL-DADE",0.000173775510159624,0.837289897764686
"177","2628048","LMB DISTRIBUTORS LLC","GA-DE KALB",0.000151633671562679,0.895009530410674
"178","1809675","EDWARD O TRANSPORT LLC","GA-FULTON",0.000151633671562679,0.895009530410674
"179","1618219","DIAMOND DISTRIBUTORS INC.","GA-FULTON",0.000140584179674219,0.913782706636631
"180","1417978","JAYCEE HERB TRADERS USA LTD","GA-FULTON",0.000126648706537669,0.994448102581875
"181","2550101","LK TRANSPORT EXPEDITED LLC","GA-COBB",0.000116191670746946,0.813924796395772
"182","2832166","LWY TRANSPORTATION LLC","FL-DUVAL",0.000116191670746946,0.813924796395772
"183","3333164","DGW TRANSPORT LLC","GA-GLASCOCK",0.000116191670746946,0.813924796395772
"184","2365878","CONTAINER TRANSPORTATION SERVICES LLC","GA-FULTON",0.000116191670746946,0.813924796395772
"185","2046051","WILBORN EXPRESS LLC","AL-RUSSELL",0.000116191670746946,0.813924796395772
"186","2510449","THE FINEST CARRIER INC","CA-ORANGE",0.000108679231631825,0.892209322474441
"187","1733207","LIVE OAK CONSTRUCTION SUPPLY INC","GA-GWINNETT",0.000103409092670592,0.571751862762086
"188","3033658","TAR RIVER CARRIERS LLC","NC-EDGECOMBE",0.000103409092670592,0.571751862762086
"189","1152775","V&M ERECTORS INC.","FL-BROWARD",0.000103409092670592,0.571751862762086
"190","3147526","KING AUSTELL LOGISTICS LLC","GA-GLYNN",0.000103409092670592,0.571751862762086
"191","3355988","KSBNM & BNM LOGISTICS CORP","GA-HENRY",0.000103409092670592,0.571751862762086
"192","2008921","MY FRIENDS TRUCKING INC","GA-COBB",0.000103409092670592,0.571751862762086
"193","3149863","POWERSATF TRANSPORT LLC","GA-FULTON",0.000103409092670592,0.571751862762086
"194","2816381","IZ TRANSPORTS INC","GA-DE KALB",9.15923144353403e-05,0.739182117483972
"195","2014421","METRO DADE PARKING & STORAGE INC.","FL-DADE",8.68747038940132e-05,0.84166695546699
"196","3224617","ATH WONDER CONSULTING LLC","GA-FULTON",8.2613642941376e-05,0.873748050597817
"197","1014488","YU BROTHERS INC.","FL-DADE",8.2536194616678e-05,0.0513290590885462
"198","3008371","ELITE EXPRESS FREIGHT LTD. LIABILITY CO.","GA-ROCKDALE",7.05944201317976e-05,0.682623462138278
"199","2784198","LOWE REFRIGERATION LLC","GA-FULTON",7.05944201317976e-05,0.682623462138278
"200","2945863","TYMEC AND ASSOCIATES INC","AL-LEE",7.05944201317976e-05,0.682623462138278
"201","2914268","ALPHA TRANSPORT INC","FL-MIAMI-DADE",7.05944201317976e-05,0.682623462138278
"202","2409242","M2M SERVICES LLC","NC-WAKE",7.05944201317976e-05,0.682623462138278
"203","3172390","848 GLOBAL LLC","PA-LEHIGH",7.05944201317976e-05,0.682623462138278
"204","2337865","CAPITAL TRUCKING TRANSPORT LLC","FL-VOLUSIA",7.05944201317976e-05,0.682623462138278
"205","1438853","RUFFHOUSE MANAGEMENT CORP.","TX-COLLIN",7.05944201317976e-05,0.682623462138278
"206","3179844","AMPRO VENTURES INC","IL-COOK",7.05944201317976e-05,0.682623462138278
"207","2800958","TKI LOGISTICS LLC","GA-FULTON",7.05944201317976e-05,0.682623462138278
"208","3031270","BIG STATE CARGO LLC","TX-TARRANT",7.05944201317976e-05,0.682623462138278
"209","2981570","D &R AUTOMOTIVE SALES AND SERVICE LLC","GA-DE KALB",7.05944201317976e-05,0.682623462138278
"210","3196544","CCB TRUCKING LLC","GA-TATTNALL",7.05944201317976e-05,0.682623462138278
"211","1865470","HARRISON AND SONS TRUCKING CO","GA-HALL",7.05944201317976e-05,0.682623462138278
"212","3165136","ARIZE TRANSPORTATION LLC","GA-GWINNETT",7.05944201317976e-05,0.682623462138278
"213","1335912","MICHAEL MURRAY","SC-MARLBORO",7.05944201317976e-05,0.682623462138278
"214","1238792","W E T T SERVICES INC","GA-FULTON",7.05944201317976e-05,0.682623462138278
"215","3056749","SYKES TRANSPORTATION CO. LLC","GA-FULTON",7.05944201317976e-05,0.682623462138278
"216","1983401","BLACK ICE LOGISTICS INC","FL-ORANGE",7.05944201317976e-05,0.682623462138278
"217","3063031","QUEEN BEE TRANSPORTATION CO","GA-GWINNETT",7.05944201317976e-05,0.682623462138278
"218","3010266","SUN-LITE CITRUS CO. INC.","FL-HIGHLANDS",7.05944201317976e-05,0.682623462138278
"219","3191030","ROCK CITY TRUCKING LLC","GA-DE KALB",7.05944201317976e-05,0.682623462138278
"220","3265512","U DESERVE IT TRANSPORTATION LLC","GA-HARALSON",7.05944201317976e-05,0.682623462138278
"221","3252640","ON TIME OVER NIGHT TRUCKING LLC","GA-DOUGLAS",7.05944201317976e-05,0.682623462138278
"222","3246878","AMANI TRUCKING LLC","GA-COBB",7.05944201317976e-05,0.682623462138278
"223","3169552","DANIEL LILES","GA-CARROLL",7.05944201317976e-05,0.682623462138278
"224","3162479","ARK TRANSPORT LLC","FL-PALM BEACH",7.05944201317976e-05,0.682623462138278
"225","3150148","ZM LOGISTICS INC","NC-WAKE",7.05944201317976e-05,0.682623462138278
"226","1145130","METROPOLITAN TRAILER LEASING INC","AL-SHELBY",6.48607524026401e-05,0.897892912840062
"227","2496025","F B M TRANSPORTATION INC.","FL-OSCEOLA",6.32058644685074e-05,0.679729682897245
"228","1942465","WIRKS MOVING & STORAGE","GA-COBB",6.32058644685074e-05,0.679729682897245
"229","2068346","LIBERTY LOGISTICS INC","GA-DE KALB",5.37360135944853e-05,0.902412060301508
"230","1282275","BRITT'S HOME FURNISHING","GA-GWINNETT",5.07900984950682e-05,0.901351585513776
"231","3039320","ROAD RUNNER VAN LINES LLC","FL-DADE",4.76348443114727e-05,0.999681164442904
"232","3020746","SOUTHPAW LOGISTICS LLC","GA-COBB",4.42992926534824e-05,0.666653959452435
"233","2895575","DKRISLINA INC.","FL-PINELLAS",4.42992926534824e-05,0.666653959452435
"234","3159996","DIXIE MOTOR LINES LLC","FL-DUVAL",4.42992926534824e-05,0.666653959452435
"235","2907989","TAHA TRUCKING LLC","GA-DE KALB",3.12755156011146e-05,0.871637497833998
"236","2796250","JTP-ROMARK LOGISTICS LLC","GA-CLAYTON",2.32849361960774e-05,0.90178478599896
"237","1764872","DANIEL GEURKINK","TX-TRAVIS",2.01311576795409e-05,0.0143787905042454
"238","1151222","BEN CARDILLO","TX-DENTON",2.01311576795409e-05,0.0143787905042454
"239","1291953","SEM EVENTS LLC","GA-GWINNETT",-1.20855794408375e-05,0.0199029630913187
"240","2517695","RED LINE EXPRESS LLC","GA-NEWTON",-1.20855794408375e-05,0.0199029630913187
"241","1294552","GE WALKER INC.","FL-HILLSBOROUGH",-1.20855794408375e-05,0.0199029630913187
"242","3212950","MULTI-CHANNEL LOGISTICS LLC","TX-WILLIAMSON",-1.20855794408375e-05,0.0199029630913187
"243","2372952","KNOX-ADDLEY ART & DESIGN SERVICES","GA-FULTON",-1.20855794408375e-05,0.0199029630913187
"244","3044704","TOULA LOGISTICS LLC","GA-COBB",-1.22185225202021e-05,0.890556229422977
"245","1109328","QUEST EVENTS LLC","TX-COLLIN",-2.96760619433734e-05,0.605756368047132
"246","3276737","LZ TRANSPORTATION INC","TN-SHELBY",-3.2765866668069e-05,0.00068272396465084
"247","1814628","EVANS CONTRACTING SERVICES INC.","FL-CLAY",-3.2765866668069e-05,0.00068272396465084
"248","1912687","DISTANT STAR TRANSPORT","GA-GWINNETT",-4.05646819405803e-05,0.605815283313117
"249","2911121","NAKOJAR TRANSPORT INC.","GA-GWINNETT",-4.05646819405803e-05,0.605815283313117
"250","3035508","JAG TRANSIT LLC","GA-JACKSON",-4.05646819405803e-05,0.605815283313117
"251","3010065","CROWN EXPRESS LLC","GA-HENRY",-4.05646819405803e-05,0.605815283313117
"252","3197840","ANGELL PARCEL & LOGISTICS LLC","TX-BEXAR",-4.22497121870327e-05,0.0143164096343788
"253","1486274","ABC PARTY RENTALS INC.","FL-DADE",-4.89209364592236e-05,0.215945243458673
"254","1154889","TROPICAL PALLETS INC.","FL-DADE",-4.89209364592236e-05,0.215945243458673
"255","1368637","MUSTANG CARRIERS LLC","FL-PUTNAM",-6.25053339086135e-05,0.845995494714954
"256","1018422","USA BOUQUET CO. LLC","FL-MIAMI-DADE",-6.72908130350284e-05,0.00554843181424363
"257","3025506","JBK GROUP FLORIDA LLC","FL-BROWARD",-6.72908130350284e-05,0.00554843181424363
"258","1783342","COMMON MARKET PHILADELPHIA INC","PA-PHILADELPHIA",-0.000141544209899647,0.888123375498181
"259","2274339","MILIAN XPRESS INC","FL-LEE",-0.000159691043041477,0.669824987003985
"260","2557975","SAM TRUCKING LLC","TN-HAMILTON",-0.000176014109050326,0.810344827586207
"261","1300739","PRUITTHEALTH MEDICAL SUPPLY LLC","GA-GWINNETT",-0.000198051163196711,0.594070351758794
"262","3060448","SAFE HOUSE LOGISTICS LLC","GA-DE KALB",-0.000198051163196711,0.594070351758794
"263","3173088","VECTOR DFS LLC","TX-DALLAS",-0.000198051163196711,0.594070351758794
"264","2554532","ROYALTY TRANSPORTATION SERVICES LLC","GA-DOUGLAS",-0.000198051163196711,0.594070351758794
"265","1674964","PTY. TRUCKING INC","FL-SAINT LUCIE",-0.000270604373989292,0.747433720325767
"266","2323647","JL TRANSPORT SERVICES UNLIMITED LLC","GA-WARE",-0.000270604373989292,0.747433720325767
"267","3066411","ARBS ENTERPRISES INC","FL-DADE",-0.000270604373989292,0.747433720325767
"268","2508286","B&I TRANSPORT INC.","GA-FULTON",-0.000270604373989292,0.747433720325767
"269","1347186","MIDNIGHT RAMBLER INC","GA-HENRY",-0.000270604373989292,0.747433720325767
"270","3046746","NAXNAI LOGISTICS LLC","GA-COBB",-0.000270604373989292,0.747433720325767
"271","2941224","EDEC TRANSPORT LLC","GA-FULTON",-0.000270604373989292,0.747433720325767
"272","2434253","J & C DISTRIBUTION LLC","GA-CHEROKEE",-0.000270604373989292,0.747433720325767
"273","3014578","T&T LOGISTICS LLC","PA-DAUPHIN",-0.000270604373989292,0.747433720325767
"274","3300470","D2M HAULING LLC","GA-COBB",-0.000270604373989292,0.747433720325767
"275","2887331","MIDAS SOLUTIONS LLC","GA-GWINNETT",-0.000270604373989292,0.747433720325767
"276","2626974","S&M SHIPPING LLC","FL-INDIAN RIVER",-0.000270604373989292,0.747433720325767
"277","3131484","CAM TRUCKING INC","CA-LOS ANGELES",-0.000270604373989292,0.747433720325767
"278","1381382","M&E RICH ENTERPRISES INC","GA-COBB",-0.000270604373989292,0.747433720325767
"279","3136612","SMITTY INC LLC","SC-LEXINGTON",-0.000270604373989292,0.747433720325767
"280","1839291","ACTION MEAT DISTRIBUTORS INC.","TX-HARRIS",-0.000282490944014779,0.568095650667129
"281","2887835","MP LOGISTICS INC","FL-ORANGE",-0.000282490944014779,0.568095650667129
"282","3272790","SHOWTIME CARRIERS INC.","AL-MOBILE",-0.000282490944014779,0.568095650667129
"283","2388797","NPL DEDICATED LLC","FL-HILLSBOROUGH",-0.000288264563612639,0.979140530237394
"284","1105534","GREENE TRANSPORT CO","FL-BREVARD",-0.000291787948323075,0.871422630393346
"285","3198272","YORK PLUS INC","FL-ORANGE",-0.000296248804906973,0.742685843008144
"286","2381112","MPQ TRANSPORT INC.","FL-POLK",-0.000296248804906973,0.742685843008144
"287","1635369","READY TO MOVE LLC","GA-MONROE",-0.000296248804906973,0.742685843008144
"288","2919224","PCM EXPRESS INC","GA-GLASCOCK",-0.000296248804906973,0.742685843008144
"289","2888756","HOT LOADED EXPRESS LLC","GA-DE KALB",-0.000407749523883116,0.863663143302721
"290","3076594","INSTANT FREIGHT LOGISTICS LLC","IL-COOK",-0.00042130069463453,0.74112632126148
"291","2423705","MURPHY TRANSPORT SERVICES LLC","FL-ORANGE",-0.000514117377213186,0.838811297868654
"292","2855983","KING LOGISTICS LLC","GA-FULTON",-0.000514117377213186,0.838811297868654
"293","2632926","AA-EXPRESS LLC","GA-COBB",-0.000530755389259618,0.852961358516722
"294","3113598","AMERICAN DREAM 77 LLC","FL-BROWARD",-0.000536237987977861,0.61812164269624
"295","3190043","37 NORTH LOGISTICS LLC","TX-DALLAS",-0.000536237987977861,0.61812164269624
"296","1659008","MITCHELL'S FAMILY TRUCKING LLC","GA-GREENE",-0.000536237987977861,0.61812164269624
"297","2933965","TAR GLOBAL LOGISTICS LLC","GA-COWETA",-0.000536237987977861,0.61812164269624
"298","2835578","BJG ENTERPRISES GROUP CORP","FL-MIAMI-DADE",-0.000536237987977861,0.61812164269624
"299","1726281","UNDER ONE ROOF TRADE SHOW SERVICES INC.","GA-GWINNETT",-0.000536237987977861,0.61812164269624
"300","2047160","VISION STAIRWAYS & MILLWORK","GA-CHEROKEE",-0.000536237987977861,0.61812164269624
"301","3014836","TAYLOR ROSS TRANSPORTATION CO. LLC","GA-FULTON",-0.000536237987977861,0.61812164269624
"302","2932767","ALLIANCE COURIER AND LOGISTICS LLC","GA-FULTON",-0.000536237987977861,0.61812164269624
"303","3018899","DAYO SANNI LLC","GA-GWINNETT",-0.000536237987977861,0.61812164269624
"304","3074292","MCCLUE GLOBAL LOGISTICS LLC","TX-HARRIS",-0.000536237987977861,0.61812164269624
"305","2347019","MMD EXPRESS LLC","GA-CLAYTON",-0.000536237987977861,0.61812164269624
"306","2898772","ALNICO INTERNATIONAL LLC","FL-BROWARD",-0.000536237987977861,0.61812164269624
"307","2891859","SPECIALIZED TRUCKING TRANSPORTATION LLC","FL-SUWANNEE",-0.000536237987977861,0.61812164269624
"308","2982319","YAEL TRANSPORT LLC","GA-FULTON",-0.000536237987977861,0.61812164269624
"309","2764336","MECCA DIONNE TRANSPORTATION LLC","CA-SAN BERNARDINO",-0.000536237987977861,0.61812164269624
"310","3125561","ATLANTA TRANSPORT AND LOGISTICS LLC","GA-DE KALB",-0.000536237987977861,0.61812164269624
"311","3160223","SHURIE TRANSPORTATION SERVICES LLC","IL-COOK",-0.000536237987977861,0.61812164269624
"312","2843939","BLESSED HANDS LLC","GA-MERIWETHER",-0.000536237987977861,0.61812164269624
"313","2726563","FATBOY'S EXPRESS LLC","GA-CLAYTON",-0.000536237987977861,0.61812164269624
"314","1825041","ASSOCIATED TRANSPORT INC.","FL-DADE",-0.000536237987977861,0.61812164269624
"315","3156777","DYLAN THOMPSON TRUCKING LLC","TX-TARRANT",-0.000536237987977861,0.61812164269624
"316","1816767","M S TRUCKING OF GA INC.","GA-CLAYTON",-0.000536237987977861,0.61812164269624
"317","1788961","SMITH BROTHERS TRUCKING LLC","FL-ALACHUA",-0.000536237987977861,0.61812164269624
"318","3007384","BAMBETO EXPRESS TRANSPORTATION INC.","GA-FULTON",-0.000536237987977861,0.61812164269624
"319","3018933","DUPREE GIVE & GO EXPRESS LLC","FL-BROWARD",-0.000536237987977861,0.61812164269624
"320","3035518","ADVANCE LOGISTIC INC","FL-DADE",-0.000536237987977861,0.61812164269624
"321","3247543","ALPHA JONES LOGISTICS LLC","FL-DADE",-0.000536237987977861,0.61812164269624
"322","1698586","CARIBBEAN TRANSPORT LLC","GA-FULTON",-0.000607103785684737,0.86962398197886
"323","2936376","USAMERICAN SPARK LLC","TX-DALLAS",-0.000635725471481607,0.880544099809392
"324","2486144","GROUND WOLVES LLC","GA-COBB",-0.000709759368932028,0.778336510136891
"325","3328799","BRANDON FREIGHT SERVICES LLC","GA-COBB",-0.0008737880019829,0.863430947842662
"326","2386140","CARGO RESOURCES LLC","FL-POLK",-0.000895769573470317,0.240852538554843
"327","2587734","S&C CARRIER LLC","GA-NEWTON",-0.000895769573470317,0.240852538554843
"328","2341882","ORLANDO EVENT PRODUCTIONS LLC","FL-ORANGE",-0.000895769573470317,0.240852538554843
"329","1555948","SGPS INC.","CA-LOS ANGELES",-0.000895769573470317,0.240852538554843
"330","2834768","DEMARCO TRADING LLC","TX-COLLIN",-0.000895769573470317,0.240852538554843
"331","3124875","ROYAL DREAM TRADING LLC","GA-CHEROKEE",-0.000895769573470317,0.240852538554843
"332","2084517","OMEGA PETROLEUM LOGISTICS LLC","FL-ORANGE",-0.000895769573470317,0.240852538554843
"333","3034427","JAY'S MOVING AND DELIVERY SERVICE OF FLORIDA LLC","FL-VOLUSIA",-0.000895769573470317,0.240852538554843
"334","2825389","WOFFORD EARTHWORKS LLC","GA-FORSYTH",-0.000895769573470317,0.240852538554843
"335","3194601","ROOT'S ELITE TRUCKING","FL-ORANGE",-0.000895769573470317,0.240852538554843
"336","2969849","AMG OILFIELD SERVICES INC","GA-FULTON",-0.000895769573470317,0.240852538554843
"337","3086753","FROHMAN TRUCKING INC","NC-WAKE",-0.000895769573470317,0.240852538554843
"338","3204223","SDART TRANSPORT LLC","GA-FULTON",-0.000895769573470317,0.240852538554843
"339","2792141","NELSON & SON'S EXPRESS","MA-PLYMOUTH",-0.000895769573470317,0.240852538554843
"340","3011198","CARTER & FELDER TRUCKING LLC","VA-FAIRFAX",-0.000895769573470317,0.240852538554843
"341","2577141","BLACK OPAL CARGO SOLUTIONS LLC","GA-FULTON",-0.000895769573470317,0.240852538554843
"342","3151719","RXPRESS LLC","MS-LEFLORE",-0.000895769573470317,0.240852538554843
"343","3231123","K TRANSPORTATION LLC","SC-GREENVILLE",-0.000895769573470317,0.240852538554843
"344","2206527","TRAILER DEPOT LEASING LLC","GA-BARTOW",-0.000895769573470317,0.240852538554843
"345","2168897","J'S EXPRESS INC","MI-WAYNE",-0.000895769573470317,0.240852538554843
"346","1500220","MAYNARDS LOGISTICS INC.","GA-COWETA",-0.000895769573470317,0.240852538554843
"347","3116347","BEYOND LOGISTICS TRANSPORT LLC","FL-ORANGE",-0.000950318377175019,0.309533876277941
"348","1239027","TROPICAL CARGO TRANSPORT INC","FL-ORANGE",-0.0009843086361776,0.720620343094784
"349","2501547","UNITED NATIONAL CARRIERS LLC","NC-GUILFORD",-0.00109819774633757,0.828161497140877
"350","3174018","NATIONWIDE FREIGHT SHIPPING LLC","GA-FULTON",-0.00109819774633757,0.828161497140877
"351","3113257","GRANGER BROTHERS ENTERPRISES LLC","FL-BROWARD",-0.00109819774633757,0.828161497140877
"352","2854818","FAA LOGISTICS LLC","GA-FULTON",-0.0012679651393781,0.857989949748744
"353","2077847","48 STATES TRANSPORT LLC","FL-ORANGE",-0.00162848618376588,0.989960145555363
"354","2081748","AMIGO PALLETS INC.","FL-DADE",-0.00163902360711965,0.671720672327153
"355","1893838","JAOME TRANSPORT LLC","FL-OSCEOLA",-0.00163902360711965,0.671720672327153
"356","1303343","TRANSPORT TRAILER EXPRESS LLC","FL-SAINT JOHNS",-0.00163902360711965,0.671720672327153
"357","2891955","L&M NATIONAL TRANSPORTATION CORP","FL-BROWARD",-0.00163902360711965,0.671720672327153
"358","2845899","ON-TIME DELIVERY SERVICE LLC","FL-ORANGE",-0.00175684382151669,0.0582221452088026
"359","1557134","MOORISH TRUCKING MINISTRY CORP","NJ-MONMOUTH",-0.00175684382151669,0.0582221452088026
"360","2482186","TRUCK DOMINION CORP.","FL-POLK",-0.00175684382151669,0.0582221452088026
"361","2887298","SPECIAL DELIVERY & LOGISTICS LLC","GA-FULTON",-0.00175684382151669,0.0582221452088026
"362","2508398","MY ALLSTATE MOVING LLC","FL-MARTIN",-0.00175684382151669,0.0582221452088026
"363","1678389","ROYAL REFRIGERATED CARRIERS INC.","TX-HARRIS",-0.00175684382151669,0.0582221452088026
"364","3084835","SIMONSON & EDLUND TRANSPORTATION CORP","OR-CLACKAMAS",-0.00175684382151669,0.0582221452088026
"365","1675236","CLASSIC CONCRETE FORMING","GA-FORSYTH",-0.00175684382151669,0.0582221452088026
"366","2458631","MIA TRANSPORT LLC","FL-DADE",-0.00175684382151669,0.0582221452088026
"367","1508202","CRUZ GLOBAL LOGISTICS LLC","GA-CLAYTON",-0.00175684382151669,0.0582221452088026
"368","3090195","STRATEGIC EXECUTIVE SERVICES LLC","GA-HENRY",-0.00175684382151669,0.0582221452088026
"369","2834148","CREATIVE PACKAGING INC.","GA-CHATHAM",-0.00175684382151669,0.0582221452088026
"370","2088204","ASHDAN TRANSPORT LLC","FL-CLAY",-0.00175684382151669,0.0582221452088026
"371","2823596","THE HONEY BAKED HAM CO. LLC","GA-FULTON",-0.00175684382151669,0.0582221452088026
"372","2844865","DDJ TRANSPORT SERVICES LLC","FL-PASCO",-0.00175684382151669,0.0582221452088026
"373","2578273","BETTER TRUCKING RESOURCES LLC","NC-UNION",-0.00175684382151669,0.0582221452088026
"374","3331494","RDF TRUCKING LLC","GA-HENRY",-0.00175684382151669,0.0582221452088026
"375","3110488","LB12 FRANCHISE LLC","GA-FULTON",-0.00175684382151669,0.0582221452088026
"376","3170440","JUST TRUCK IT LLC","GA-GWINNETT",-0.00175684382151669,0.0582221452088026
"377","3208042","TFB TRUCKING LLC","GA-GWINNETT",-0.00175684382151669,0.0582221452088026
"378","3044458","EMC LOGISTICS LLC","GA-PAULDING",-0.00175684382151669,0.0582221452088026
"379","3039218","PREISLER TRUCKING LLC","TX-EL PASO",-0.00175684382151669,0.0582221452088026
"380","1610661","DERRICK W CLARK","GA-HENRY",-0.00175684382151669,0.0582221452088026
"381","1941002","RONALD RAY MARTIN FOUR A TRUCKING LLC","TX-KAUFMAN",-0.00175684382151669,0.0582221452088026
"382","2914024","PRIEDES TRANSPORT INC.","FL-DADE",-0.00175684382151669,0.0582221452088026
"383","3001747","MILLER 66 INC.","GA-GWINNETT",-0.00175684382151669,0.0582221452088026
"384","3038812","JONES AND JONES TRUCKING LLLP","GA-NEWTON",-0.00175684382151669,0.0582221452088026
"385","3057829","AMTC2C LLC","GA-TROUP",-0.00175684382151669,0.0582221452088026
"386","3010776","RWKS","GA-MARION",-0.00175684382151669,0.0582221452088026
"387","2519230","GLOBAL CONTRACT CARRIERS LLC","GA-COBB",-0.00175684382151669,0.0582221452088026
"388","2491652","LEX AND KAREN DIAMOND LOGISTICS LLC","FL-POLK",-0.00175684382151669,0.0582221452088026
"389","3251625","COASTAL EMPIRE REFRIGERANT RECOVERY LLC","GA-DOUGLAS",-0.00175684382151669,0.0582221452088026
"390","3145631","PEARSON & SON TRANSPORTATION LLC","GA-HENRY",-0.00175684382151669,0.0582221452088026
"391","3074970","VSC TEAM TRUCKING LLC","NC-CABARRUS",-0.00175684382151669,0.0582221452088026
"392","3274050","JEFFERY STEELE","NC-MECKLENBURG",-0.00175684382151669,0.0582221452088026
"393","3322558","GUERRILLA LOGISTICS LLC","FL-OKALOOSA",-0.00175684382151669,0.0582221452088026
"394","2830338","AROUND TOWN TRUCKING LLC","GA-HENRY",-0.00175684382151669,0.0582221452088026
"395","2531371","LK LOGISTICS LLC","GA-DE KALB",-0.00175684382151669,0.0582221452088026
"396","2965754","B&L TRANSPORTATION LLC","GA-DAWSON",-0.00175684382151669,0.0582221452088026
"397","2884791","BUCKHAVEN CONSTRUCTION SERVICES, LLC","GA-GWINNETT",-0.00175684382151669,0.0582221452088026
"398","3042565","HILL ACE TRUCKING LLC","NC-MECKLENBURG",-0.00175684382151669,0.0582221452088026
"399","3021665","TRUCKER DAD TRANSPORT LLC","OH-FRANKLIN",-0.00175684382151669,0.0582221452088026
"400","3177939","MLH SHIPPING LLC","GA-FAYETTE",-0.00175684382151669,0.0582221452088026
"401","3198232","SENOJ POWER LLC","GA-MUSCOGEE",-0.00175684382151669,0.0582221452088026
"402","3108548","CHUGGANI FERRIOL ENTERPRISES LLC","TN-HAMILTON",-0.00175684382151669,0.0582221452088026
"403","3243338","TEXAS HAULING & MATERIALS LLC","TX-DALLAS",-0.00175684382151669,0.0582221452088026
"404","3026876","HORTON'S ASAP ENTERPRISES LLC","TX-DALLAS",-0.00175684382151669,0.0582221452088026
"405","3151101","NBA CARRIERS INC","GA-FULTON",-0.00175684382151669,0.0582221452088026
"406","3129150","SHAW AND JONES ASSOCIATES LLC","CO-JEFFERSON",-0.00175684382151669,0.0582221452088026
"407","3109059","KCD SEMI LLC","FL-DADE",-0.00175684382151669,0.0582221452088026
"408","3103661","MIDDLE GEORGIA EXPRES LLC","GA-JONES",-0.00175684382151669,0.0582221452088026
"409","3094604","TINSEL LOGISTICS LLC","AL-JEFFERSON",-0.00175684382151669,0.0582221452088026
"410","3095768","TRUE GRIT TRANSPORT SERVICES LLC","FL-DUVAL",-0.00175684382151669,0.0582221452088026
"411","3250087","CSO EXPRESS LLC","GA-DE KALB",-0.00175684382151669,0.0582221452088026
"412","3122522","ALLIANCE TRANSPORTATION SOLUTIONS LLC","GA-NEWTON",-0.00175684382151669,0.0582221452088026
"413","3164517","NATIONAL INFINITY TRUCKING LLC","FL-DUVAL",-0.00175684382151669,0.0582221452088026
"414","2875753","DKG TRANSPORT LLC","GA-GWINNETT",-0.00175684382151669,0.0582221452088026
"415","1339765","JUAN MARTIN","TX-HARRIS",-0.00175684382151669,0.0582221452088026
"416","1747036","CHRISTOPHER L MCCOY","AL-RUSSELL",-0.00175684382151669,0.0582221452088026
"417","2379970","SECURE MOVE LLC","GA-COBB",-0.00175684382151669,0.0582221452088026
"418","1365324","REDBROOKS EXPRESS LLC","GA-GWINNETT",-0.00175684382151669,0.0582221452088026
"419","3359616","CONAHILL LLC","NC-RANDOLPH",-0.00175684382151669,0.0582221452088026
"420","3291386","ABK LOGISTICS LLC","TX-DALLAS",-0.00175684382151669,0.0582221452088026
"421","3288101","JR EDWIN TRANSPORT INC","NC-MECKLENBURG",-0.00175684382151669,0.0582221452088026
"422","3276151","BIOSTEAM CARPET CARE LLC","FL-PALM BEACH",-0.00175684382151669,0.0582221452088026
"423","3327956","PACIFIC HOLDINGS LLC","TX-ROCKWALL",-0.00175684382151669,0.0582221452088026
"424","3291540","KEN RELL LLC","GA-FULTON",-0.00175684382151669,0.0582221452088026
"425","3091318","WRIGHT WAY TRANSPORTATION SERVICES LLC","GA-FULTON",-0.00175684382151669,0.0582221452088026
"426","3208303","BRENDA J CANDELORO AND THADDEUS BARIDEAUX","TX-JEFFERSON",-0.00175684382151669,0.0582221452088026
"427","3235451","A-PAY'S TRUCKING LLC","GA-JENKINS",-0.00175684382151669,0.0582221452088026
"428","3005966","HAUL OF FAME LOGISTICS LLC","GA-FULTON",-0.00175684382151669,0.0582221452088026
"429","2997562","FSW SERVICES CORP.","TX-TARRANT",-0.00175684382151669,0.0582221452088026
"430","3095951","MOTHER TRUCKING TRANSPORTATION LLC","MD-BALTIMORE",-0.00175684382151669,0.0582221452088026
"431","3115766","WILLIAMS FAMILY LOGISTICS LLC","NC-RICHMOND",-0.00175684382151669,0.0582221452088026
"432","3216830","GIONORDIC LLC","FL-BROWARD",-0.00175684382151669,0.0582221452088026
"433","3216355","ROAD TEN TRUCKING LLC","FL-HILLSBOROUGH",-0.00175684382151669,0.0582221452088026
"434","2725863","MAXX TRUCKING AND LOGISTICS LLC","GA-COBB",-0.00175684382151669,0.0582221452088026
"435","2982764","MO ON THE MOVE LLC","GA-COBB",-0.00175684382151669,0.0582221452088026
"436","2981193","G&L EXPRESS LLC","SC-GREENVILLE",-0.00175684382151669,0.0582221452088026
"437","2889782","ERASMUS EXPRESS CORP","PA-MONROE",-0.00175684382151669,0.0582221452088026
"438","3303525","LATIMER LEGACY LOGISTICS LLC","SC-WILLIAMSBURG",-0.00175684382151669,0.0582221452088026
"439","3281695","LUKES TRANSPORTATION LLC","GA-RICHMOND",-0.00175684382151669,0.0582221452088026
"440","3360905","KING'Z TRUCKING INC","VA-HENRICO",-0.00175684382151669,0.0582221452088026
"441","3358229","FREELAND TRANSPORT & LOGISTICS INC","KY-WHITLEY",-0.00175684382151669,0.0582221452088026
"442","3289947","ADVANCED TRANSPORT TRUCKING LLC","GA-CLARKE",-0.00175684382151669,0.0582221452088026
"443","2463547","MACHLIF LLC","GA-CLAYTON",-0.00175684382151669,0.0582221452088026
"444","2899366","A&G TRANSPORTATION LLC","FL-DADE",-0.00175684382151669,0.0582221452088026
"445","2902272","ROLLING FOR DOLLARS LLC","NJ-HUDSON",-0.00175684382151669,0.0582221452088026
"446","2975510","MANGUM TRUCKING INC","GA-DE KALB",-0.00175684382151669,0.0582221452088026
"447","2858050","NEXT PHASE TRUCKING LLC","GA-FULTON",-0.00175684382151669,0.0582221452088026
"448","2509365","3 L S DELIVERY SERVICE LLC","GA-FULTON",-0.00175684382151669,0.0582221452088026
"449","2630781","ON POINT TRUCKING EXPRESS INC","GA-PAULDING",-0.00175684382151669,0.0582221452088026
"450","3216302","NEVER FAIL SERVICES LLC","GA-CARROLL",-0.00175684382151669,0.0582221452088026
"451","3166342","ALL SERVICE ENTERPRISES LLC","GA-GWINNETT",-0.00175684382151669,0.0582221452088026
"452","3190567","CHACONIA TRUCKING LLC","FL-OSCEOLA",-0.00175684382151669,0.0582221452088026
"453","3177003","THE GOOD CARRIERS INC","GA-FULTON",-0.00175684382151669,0.0582221452088026
"454","3137680","DUO LOGISTICS LLC","TN-DAVIDSON",-0.00175684382151669,0.0582221452088026
"455","3145426","WC CARTER LLC","GA-JACKSON",-0.00175684382151669,0.0582221452088026
"456","3069954","RSF LOGISTICS LLC","FL-DADE",-0.00201408424092986,0.528317449315543
"457","3106561","ATLANTA PRODUCTION","GA-GWINNETT",-0.00201408424092986,0.528317449315543
"458","3271450","ATC EXPRESS LLC","FL-POLK",-0.00272798665374374,0.340194073817363
"459","2366196","MSTAR GLOBAL TRANSPORTATION SERVICES INC","GA-FULTON",-0.00274241431019773,0.310746837636458
"460","3131996","PRODUCTION MANAGEMENT ONE INC","MI-WAYNE",-0.00274241431019773,0.310746837636458
"461","1449068","STIL TRUCKING CO","FL-DADE",-0.00274241431019773,0.310746837636458
"462","1914872","NEW SOURCE TRANSPORTATION INC","NE-LANCASTER",-0.00274241431019773,0.310746837636458
"463","2421599","JENI'S SPLENDID ICE CREAM LLC","OH-FRANKLIN",-0.00274241431019773,0.310746837636458
"464","2989620","LIVESHOW LOGISTICS LLC","TX-TARRANT",-0.00274241431019773,0.310746837636458
"465","3128918","ARRIVED LOGISTICS INC","NC-MARTIN",-0.00274241431019773,0.310746837636458
"466","2992751","MUSHTAQ R ALJANABI","TX-DALLAS",-0.00274241431019773,0.310746837636458
"467","1230210","CRAWFORD TRANSPORTATION & MORE INC","GA-ROCKDALE",-0.00274241431019773,0.310746837636458
"468","3087756","PERFORMANCE DSD","GA-FAYETTE",-0.00274241431019773,0.310746837636458
"469","1152795","NORTHEAST XPEDITE LLC","GA-ROCKDALE",-0.00279123312324514,0.341729336336857
"470","2989706","RL & MANN LLC","FL-PALM BEACH",-0.00279123312324514,0.341729336336857
"471","3281066","RUSHWAY LOGISTICS LLC","GA-FULTON",-0.00279123312324514,0.341729336336857
"472","3128491","LOAD N DASH INC","FL-BREVARD",-0.00279123312324514,0.341729336336857
"473","1167732","VMG TRANSPORTATION GROUP","CA-SAN BERNARDINO",-0.00288662913863724,0.350746837636458
"474","2973148","MCCARTY FREIGHT INC","NC-UNION",-0.00291081138921245,0.357106220758967
"475","2801788","RAWLS TRUCKING CO. LLC","GA-CHATHAM",-0.00291081138921245,0.357106220758967
"476","2521487","UNIQUE LOGISTICS LLC","FL-BROWARD",-0.00291081138921245,0.357106220758967
"477","3128104","AUTOMOTIVE SUB INC","GA-JACKSON",-0.00291081138921245,0.357106220758967
"478","1347320","NEW ENGLAND MARINE RESOURCES","GA-FULTON",-0.00291081138921245,0.357106220758967
"479","2910968","CHITWOOD HAULING LLC","GA-HENRY",-0.00291081138921245,0.357106220758967
"480","3291261","RAPID RUNS TRANSPORTATION LLC","NJ-UNION",-0.00291081138921245,0.357106220758967
"481","2993721","MAJOR XPRESS TRUCKING LLC","GA-PAULDING",-0.00291081138921245,0.357106220758967
"482","3018601","AMERICAN FLORAL CARGO CORP","FL-DADE",-0.00291081138921245,0.357106220758967
"483","2567593","BLAKE & RICHMOND LLC","GA-GWINNETT",-0.00291081138921245,0.357106220758967
"484","3275073","ROUTE007 INC","MO-SAINT LOUIS",-0.00291081138921245,0.357106220758967
"485","1300906","E & R ENTERPRISES LLC","FL-DADE",-0.00291081138921245,0.357106220758967
"486","3245419","SEACOAST FINANCIAL SERVICES LLC","FL-DUVAL",-0.00291081138921245,0.357106220758967
"487","3196649","ORIMILIK INVESTMENT GROUP","GA-FULTON",-0.00291081138921245,0.357106220758967
"488","3079550","ATLANTA PARTY RENTALS AND SALES INC","GA-FULTON",-0.00291081138921245,0.357106220758967
"489","3095533","M&K TRANSIT LOGISTICS LLC","GA-CLAYTON",-0.00291081138921245,0.357106220758967
"490","3100522","KP KING LOGISTICS LLC","GA-DEKALB",-0.00291081138921245,0.357106220758967
"491","3134082","R8 LOGISTICS LLC","GA-MUSCOGEE",-0.00291081138921245,0.357106220758967
"492","2577529","K & K CARRIER SERVICES LLC","TX-BRAZOS",-0.00291081138921245,0.357106220758967
"493","3089788","ON THE WAY LOGISTICS LLC","GA-GWINNETT",-0.00291081138921245,0.357106220758967
"494","3195045","A LIST DISTRIBUTION LLC","WA-KING",-0.00291081138921245,0.357106220758967
"495","2554994","IRSHAD SIDDIQUE LLC","GA-WALTON",-0.00291081138921245,0.357106220758967
"496","3078336","MWI LLC","GA-FULTON",-0.00291081138921245,0.357106220758967
"497","2593065","JENHAUL TRANSPORTS INC.","GA-DE KALB",-0.00291081138921245,0.357106220758967
"498","3017256","JACKSON TRANSPORT SYSTEMS LLC","GA-HENRY",-0.00291081138921245,0.357106220758967
"499","2242916","CRANE WORLDWIDE LOGISTICS LLC","TX-HARRIS",-0.00291081138921245,0.357106220758967
"500","2444667","MOUNTAIN OAK MILL LLC","GA-HARRIS",-0.00291081138921245,0.357106220758967
"501","2299091","DAIRY DIRECT INC.","GA-FULTON",-0.00291081138921245,0.357106220758967
"502","2644060","CNI EXPRESS LLC","FL-POLK",-0.00291081138921245,0.357106220758967
"503","3222370","PRIVATE EXPRESS GROUP LLC","TX-FORT BEND",-0.00291081138921245,0.357106220758967
"504","3284058","N&S DISCIPLES FOR CHRIST TRUCKING LLC","GA-ROCKDALE",-0.00291081138921245,0.357106220758967
"505","3226409","IMAGINATION DISPLAYED LOGISTICS LLC","TX-HARRIS",-0.00291081138921245,0.357106220758967
"506","3234421","USA FREIGHT CORP","AL-COFFEE",-0.00291081138921245,0.357106220758967
"507","3238062","JTB EXPRESS TRANSPORTATION LLC","GA-GWINNETT",-0.00291081138921245,0.357106220758967
"508","2997331","RCE TRANSPORTATION LLC","GA-DE KALB",-0.00291081138921245,0.357106220758967
"509","3008275","REAL TRUCKING LOGISTICS INC.","GA-COBB",-0.00291081138921245,0.357106220758967
"510","2147368","RESCUE TOWING LLC","AL-BUTLER",-0.00291081138921245,0.357106220758967
"511","1321214","WILLIE & MARY COX","LA-VERMILION",-0.00291081138921245,0.357106220758967
"512","2414944","NIGHT MOVES TRUCKING LLC","GA-DOUGLAS",-0.00291081138921245,0.357106220758967
"513","2914797","UNIFIED COURIER INC","GA-ROCKDALE",-0.00291081138921245,0.357106220758967
"514","3088942","ON 3 LOGISTICS INC","GA-DE KALB",-0.00291081138921245,0.357106220758967
"515","3306284","SUNDANCE EXPRESS INC","TX-TARRANT",-0.00291081138921245,0.357106220758967
"516","1215007","HOOPER LOGISTICS INC.","GA-FULTON",-0.00291081138921245,0.357106220758967
"517","2282797","INVEX LOGISTICS LLC","GA-BUTTS",-0.00291081138921245,0.357106220758967
"518","2532917","KEN'S FREIGHT LLC","GA-GWINNETT",-0.00291081138921245,0.357106220758967
"519","2961690","SAMSON TRUCKING LLC","GA-ROCKDALE",-0.00291081138921245,0.357106220758967
"520","3026847","HUGUELY AND HUGUELY TRUCKING LLC","GA-CLAYTON",-0.00291081138921245,0.357106220758967
"521","3086370","TCJ TRANSPORTATION LLC","GA-NEWTON",-0.00291081138921245,0.357106220758967
"522","3107198","RED DIAMOND GROUP LLC","GA-COBB",-0.00291081138921245,0.357106220758967
"523","1427767","SUPERIOR FREIGHT TRANSPORT INC.","GA-CARROLL",-0.00291081138921245,0.357106220758967
"524","3022873","PURPLETUNIA LEASING LLC","GA-BUTTS",-0.00291081138921245,0.357106220758967
"525","3197620","R1 TRANSPORTATION LOGISTICS INC","NC-RUTHERFORD",-0.00291081138921245,0.357106220758967
"526","3251902","M&D TRUCKING AND TRANSPORT LLC","GA-GWINNETT",-0.00291081138921245,0.357106220758967
"527","3068078","DIVINE LOGISTICS INC","FL-POLK",-0.00291081138921245,0.357106220758967
"528","3109720","DCC LOGISTICS LLC","GA-GWINNETT",-0.00291081138921245,0.357106220758967
"529","1475004","HB TRUCKING LLC","GA-HENRY",-0.00291081138921245,0.357106220758967
"530","1906460","ROGERS CARRIERS LLC","GA-COBB",-0.00291081138921245,0.357106220758967
"531","2369753","LINEN XPRESS INC","FL-DADE",-0.00291081138921245,0.357106220758967
"532","3273800","COLD CLOUD LLC","FL-DADE",-0.00291081138921245,0.357106220758967
"533","3327344","ZULU TRUCKING CO. LLC","TN-SHELBY",-0.00291081138921245,0.357106220758967
"534","3242300","OPERATION FREIGHT LOGISTICS LLC","GA-NEWTON",-0.00291081138921245,0.357106220758967
"535","3265091","MB SIMMONS LLC","GA-FULTON",-0.00291081138921245,0.357106220758967
"536","3156593","HYPERSONIC TRUCKING LLC","GA-FORSYTH",-0.00291081138921245,0.357106220758967
"537","3032545","C & D TRANSFER LLC","GA-CLAYTON",-0.00291081138921245,0.357106220758967
"538","3032594","UHEU TRUCK GROUP INC","GA-FULTON",-0.00291081138921245,0.357106220758967
"539","3053314","WITT TRANSPORT LLC","GA-MADISON",-0.00291081138921245,0.357106220758967
"540","3056355","THE WRIGHT LOGISTICS LLC","NC-WILSON",-0.00291081138921245,0.357106220758967
"541","3059370","KAG TRANSPORT INC.","GA-DOUGLAS",-0.00291081138921245,0.357106220758967
"542","2458646","MAJESTIC GENERAL FREIGHT PICK UP AND DELIVERY LLC","GA-DE KALB",-0.00291081138921245,0.357106220758967
"543","3080648","DL TRUCKING LLC","AL-TALLADEGA",-0.00291081138921245,0.357106220758967
"544","3083077","GAVI XTREME LOGISTICS LLC","GA-CLAYTON",-0.00291081138921245,0.357106220758967
"545","3142085","KW TRANSPORTATION & LOGISTICS LTD. LIABILITY CO.","GA-CLAYTON",-0.00291081138921245,0.357106220758967
"546","3161074","WRIGHT IMAGE INC LLC","TX-DALLAS",-0.00291081138921245,0.357106220758967
"547","3235446","BERKLEY BOY ENTERPRISES LLC","GA-GWINNETT",-0.00291081138921245,0.357106220758967
"548","2987448","KEN'S TRANSPORTATION LLC","IL-COOK",-0.00291081138921245,0.357106220758967
"549","2936874","CHASE TRUCKING COM LLC","AL-JEFFERSON",-0.00291081138921245,0.357106220758967
"550","2301521","YAMS TRUCKING LLC","FL-PASCO",-0.00291081138921245,0.357106220758967
"551","1289528","V WILLIAMS TRUCKING LLC","FL-POLK",-0.00291081138921245,0.357106220758967
"552","3331079","REDSTAR TRANSPORTS LLC","GA-GWINNETT",-0.00291081138921245,0.357106220758967
"553","3323674","D & M AMERICAN CARRIERS LLC","TX-HARRIS",-0.00291081138921245,0.357106220758967
"554","2339543","HORTON LOGISTICS LLC","NC-MECKLENBURG",-0.00291081138921245,0.357106220758967
"555","2458688","MOHA TRUCKING LLC","GA-GWINNETT",-0.00291081138921245,0.357106220758967
"556","1867844","CROSSOVER ENTERTAINMENT GROUP INC","GA-FULTON",-0.00291081138921245,0.357106220758967
"557","3012931","D JORDAN EXPRESS LLC","GA-FULTON",-0.00291081138921245,0.357106220758967
"558","3013789","FSB AUTOMOTIVE SOLUTIONS INC.","FL-SEMINOLE",-0.00291081138921245,0.357106220758967
"559","3037915","J & O TRANSPORT","GA-BARROW",-0.00291081138921245,0.357106220758967
"560","2581532","CRISTORICAN TRUCKING LLC","FL-POLK",-0.00291081138921245,0.357106220758967
"561","3196519","VELOX LOGISTIC LLC","FL-DADE",-0.00291081138921245,0.357106220758967
"562","3163710","FORDS TRANSPORTATION INC","GA-CLAYTON",-0.00291081138921245,0.357106220758967
"563","3071362","ACH LOGISTICS LLC","GA-DE KALB",-0.00291081138921245,0.357106220758967
"564","1658513","REALTIME CARRIERS LLC","GA-DE KALB",-0.00310607944450181,0.853883209149194
"565","1100522","JAZ EXPRESS LLC","PA-ALLEGHENY",-0.0035306204377008,0.961427828799168
"566","3018722","THUMBS UP EXPRESS LLC","GA-FULTON",-0.00353931291447185,0.870670594351066
"567","1398938","SUPPLY CHAIN MANAGEMENT INC","TX-LUBBOCK",-0.00360586476912766,0.338977646854964
"568","1516011","FUTURE MANAGEMENT CORP.","GA-CLAYTON",-0.00379008375587564,0.85387281233755
"569","1291284","MUFTAR TRANSPORT LLC","GA-GWINNETT",-0.00385506488399723,0.874344134465431
"570","2276455","LH TRANSPORTATION INC","FL-HILLSBOROUGH",-0.00416798254480955,0.890407208456073
"571","3017703","POSTAL XPRESS LLC","GA-FULTON",-0.00577813195774135,0.975667995148155
"572","2557154","AGT. CARGO EXPRESS LLC","GA-GWINNETT",-0.00724670218020906,0.838811297868654
"573","2302931","GREEN LOGISTICS LLC","GA-GWINNETT",-0.00933788381531686,0.938741985791024
"574","1898077","T AND ASSOCIATES CORP","GA-DE KALB",-0.00982097437519613,0.892708369433374
"575","2567427","SCONSULTANTS LLC","GA-FULTON",-0.0101979457316299,0.967970888927396
"576","2983956","HIGHWAY KING LOGISTICS LLC","NC-GUILFORD",-0.0108321953909928,0.671720672327153
"577","2159762","BLUESTONE ENTERPRISES LLC","GA-FULTON",-0.0116670058271494,0.948251602841795
"578","2846292","INNOVATION TRANSPORT","SC-GREENVILLE",-0.0120108173985033,0.838811297868654
"579","2267638","CUSTOM SERVICES LLC","MI-OAKLAND",-0.0169087779213358,0.828161497140877
"580","2831784","QQT TRUCKING LLC","TX-ELLIS",-0.0171484240723141,0.953917865188009
"581","1954372","S AND M TRANSPORTATION INC.","GA-GWINNETT",-0.0219259522445852,0.929738346906949
"582","2076028","CLR TRANSPORT LLC","FL-BROWARD",-0.0254006188500948,0.813924796395772
"583","1780504","LANTZ TRUCKING CO. LLC","OH-GREENE",-0.0269755289245068,0.78354531277075
"584","1815355","WOLVERINE TRANSPORTATION LOGISTICS LLC","TX-TARRANT",-0.0302632919542747,0.78354531277075
"585","1655836","IRIS NATALIE TRANSPORT LLC","FL-BROWARD",-0.035779841173202,0.747433720325767
"586","2341014","RONEXPRESS INC.","FL-BROWARD",-0.0365287332344266,0.916430428002079
"587","1948143","HANSON LOGISTICS SERVICE LLC","GA-CLAYTON",-0.0411810814968128,0.737865188009011
"588","1273951","FALCON FARMS INC","FL-DADE",-0.042576267683792,0.904980072777682
"589","2555908","JETAMAX INC","CT-FAIRFIELD",-0.0491917557846495,0.852569745278115
"590","2956438","BAROS LOGISTICS LLC","GA-DE KALB",-0.0492701945117215,0.310746837636458
"591","2643353","RAPID FIRE TRANSPORTATION INC.","FL-LEE",-0.0492701945117215,0.310746837636458
"592","2839091","JAMES SPIKER","GA-DEKALB",-0.0662232925785786,0.86084560734708
"593","2510018","NATURAL STONE LOGISTICS INC.","GA-GWINNETT",-0.067834998687113,0.742685843008144
"594","3084732","JERRY'S WAY TRANSPORTATION LLC","AL-JEFFERSON",-0.0884825159593519,0.594070351758794
"595","2437832","DAF EXPRESS INC","FL-ORANGE",-0.0886743512987802,0.813924796395772
"596","2295333","TOTAL LOGISTICS LLC","GA-FLOYD",-0.10031269895971,0.857989949748744
"597","1852197","C CARTER TRANSPORTATION INC","GA-CLAYTON",-0.100863583994695,0.850531970195807
"598","1275907","STONE SHOWCASE INC.","GA-GWINNETT",-0.182967057197838,0.5549298215214
"599","1460783","MAC TRAILER LEASING INC","NJ-ESSEX",-0.190419249039767,0.0513290590885462
"600","2233620","BROKERS CARTAGE CO. INC.","FL-DADE",-0.191104598421585,0.54929474961012
"601","2818537","OMEGA LOGISTICS LLC","FL-ORANGE",-0.194976456456191,0.528317449315543
"602","2399419","SIR TRUCKING INC","IL-WILL",-0.208909059311674,0.357106220758967
"603","1949134","OSCARRIER INC.","FL-DADE",-0.214300407344502,0.74112632126148
"604","2989639","EDWARD D JACKSON TRUCKING LLC","GA-COBB",-0.226139168796118,0.54929474961012
"605","2431213","PAMA LOGISTICS INC.","FL-POLK",-0.250426673640411,0.558041933806966
"606","1156161","LEE EPTING CATERING","GA-CLARKE",-0.283521565285533,0.310746837636458
"607","3037034","TAIMEN TRUCKLINES LLC","TN-HAMILTON",-0.297519161546203,0.229856177438919
"608","2834752","LIBERTY CONNEXIONS TRUCKING LLC","GA-COBB",-0.299121160729497,0.229856177438919
"609","2094026","COBB INDUSTRIAL INC.","GA-COBB",-0.434122552522339,0.307177265638538
"610","1839949","K&R CARRIERS INC","CA-KERN",-0.560435735475415,0.0582221452088026
"611","2343999","ZORROANT TRANSPORT LLC","GA-GWINNETT",NA,0.870231085764545
"612","2782339","NEWHOUSE TRANSPORTATION SERVICES LLC","TX-TARRANT",NA,0.571648453669416
"613","1761992","SOUTHERN GRACE TRUCKING LLC","GA-DECATUR",NA,0.571648453669416
"614","2349110","DSMR INC","FL-DADE",NA,0.53512357032916
"615","3023662","EAGLE EXPEDITED COURIERS LLC","GA-MUSCOGEE",NA,0.36001703214818
"616","2471111","SOURCE ENTERPRISE LLC","GA-GWINNETT",NA,0.36001703214818
"617","1642733","GPS EXPRESS LLC","FL-ORANGE",NA,0.241748308128313
"618","2822613","MKG. LOGISTICS LLC","GA-COBB",NA,0.0599789890303193
"619","2054444","NU IMAGE TRUCKING INC.","FL-ALACHUA",NA,0.0599789890303193
"620","2414317","PDFE","TX-DALLAS",NA,0.0599789890303193
"621","2892926","WEYKIP TRANSPORTATION LLC","ND-BURLEIGH",NA,0.0599789890303193
"622","2509515","MACE TRUCKING INC","GA-CHEROKEE",NA,0.0599789890303193
"623","1530674","GRULLON TRANSPORTATION INC.","FL-ORANGE",NA,0.0599789890303193
"624","2474992","VISUALSCAPE INC.","FL-DADE",NA,0.0512465228939295
"625","3023748","PP21 PRODUCTIONS LLC","GA-DE KALB",NA,NA
"626","1449091","MARKEN LLP","NY-QUEENS",NA,NA
"627","2836161","NATURAL GAS SUPPLY","TX-DALLAS",NA,NA
"628","1846563","CGI WINDOWS AND DOORS INC.","FL-DADE",NA,NA
"629","2104140","TREASURE COAST FOOD BANK","FL-SAINT LUCIE",NA,NA
"630","1424576","ORLANDO PROVISIONS LLC","FL-ORANGE",NA,0.0582221452088026
"631","1138524","VALUE AIR FORWARDING INC.","TX-EL PASO",NA,NA
"632","2085694","BOLD AMERICAN FOOD CO. LLC","GA-FULTON",NA,NA
"633","3003363","P23 TRANSPORT LLC","FL-NASSAU",NA,NA
"634","2165682","ACOSTA FARMS INC.","FL-DADE",NA,NA
"635","1573866","JCQ SERVICES INC","FL-ORANGE",NA,NA
"636","2402250","GEMSTAR EXPRESS LLC","TX-DALLAS",NA,NA
"637","2923855","LAURENT'S CATERING INC","GA-FULTON",NA,NA
"638","3041492","PERFECT TIMING SERVICES LLC","CA-SAN BERNARDINO",NA,NA
"639","2020721","K&M HANDLING LLC","FL-DADE",NA,NA
"640","1794425","TRAEGER BROTHERS AND ASSOCIATES INC","FL-DADE",NA,NA
"641","1483713","UNITED MAYFLOWER CONTAINER SERVICES LLC","MO-SAINT LOUIS",NA,NA
"642","2724075","SHARING EXPERTISE TRUCKING SOL LLC","FL-ORANGE",NA,NA
"643","1456295","GTI INDUSTRIES INC.","FL-DADE",NA,NA
"644","3022325","SKI'S COURIER SERVICE CORP.","FL-OSCEOLA",NA,NA
"645","2907566","TRUE WORLD FOODS TAMPA LLC","FL-HILLSBOROUGH",NA,NA
"646","3076302","ST. CHRISTOPHER TRANSPORT INC","GA-BARTOW",NA,0.782204124068619
"647","3221233","TGTM LOGISTICS LLC","GA-GWINNETT",NA,NA
"648","1244190","APOLLO EXPORT WAREHOUSE INC","FL-DADE",NA,NA
"649","3091692","LAZY GI TRUCKING LLC","TX-TARRANT",NA,NA
"650","2918704","PARKER'S TRUCKING CORP.","VA-VIRGINIA BEACH CI",NA,NA
"651","3223610","RAWKING TRUCKING LLC","GA-FULTON",NA,NA
"652","1496503","ATLANTA MOBILE STORAGE INC","GA-GWINNETT",NA,NA
"653","2360961","PAUL MART TRUCKING INC.","TX-DENTON",NA,NA
"654","2194851","UNITY TRANSPORT SERVICE LLC","FL-DUVAL",NA,NA
"655","1825218","ERIC W DAVIS","TX-WALLER",NA,NA
"656","3286104","KLMG TRUCKING SERVICE L L C","GA-LOWNDES",NA,NA
"657","2447907","KKS XPRESS LLC","FL-DADE",NA,NA
"658","3049872","GUADALUPE OREGEL CARRILLO","TX-TARRANT",NA,NA
"659","3037686","LEGACY TRUCKING SOLUTIONS LLC","FL-DADE",NA,NA
"660","1755139","ELITE ENTERPRISE & TRANSPORT INC","GA-DE KALB",NA,0.0582221452088026
"661","1725072","BP CONTRACTING LLC","GA-RICHMOND",NA,NA
"662","2576376","ALL WORLD GLOBAL TRUCKING INC","GA-HENRY",NA,NA
"663","3069141","AMERICAN PERISHABLE GROUP INC.","FL-DADE",NA,NA
"664","3207732","SMITH FAMILY HOLDINGS","NC-WAKE",NA,NA
"665","2483839","RH EVENTS & PROMOTIONS LLC","GA-COBB",NA,NA
"666","2462091","SO COOL EVENTS INC","FL-DADE",NA,NA
"667","3234583","TIMEBOXX SOLUTIONS LLC","FL-SEMINOLE",NA,NA
"668","3181977","CRAIGG & CO TRANSPORT LLC","TX-DALLAS",NA,0.0582221452088026
"669","3186321","ELEET EXPERT EXPEDITORS INC","GA-GWINNETT",NA,NA
"670","1726828","YOUR ARE HERE LLC","GA-FULTON",NA,NA
"671","2491980","PRISMONE SAPPHIRE LLC","FL-ORANGE",NA,NA
"672","3105501","SUNSHINE STATE DISTRIBUTING LLC","FL-ORANGE",NA,NA
"673","2545312","FLOWERS VAN LINE INC","GA-CLAYTON",NA,NA
"674","2594858","TRANSWER LOGISTICS LLC","GA-FULTON",NA,NA
"675","2995117","EVERYDAY CARGO INC","FL-ORANGE",NA,NA
"676","2964222","GREAT LAKES TRANSFER CO. LLC","FL-PALM BEACH",NA,NA
"677","2904107","V&M TRANSPORT SERVICES LLC","FL-ORANGE",NA,NA
"678","1266785","DOERR'S TRAILERS LLC","FL-PALM BEACH",NA,NA
"679","3314419","DISCOVERY LOGISTICS LLC","NC-MECKLENBURG",NA,NA
"680","2373413","TOSO TRUCKING INC.","GA-PAULDING",NA,NA
"681","1098113","CISCO BOB JR","NM-OTERO",NA,NA
"682","3132960","PLATINUMPROS TRUCKING LLC","GA-GWINNETT",NA,NA
"683","3099510","DAILY DELIVERIES","GA-COBB",NA,NA
"684","3169886","MJ ELITE TRANSPORTATION LLC","TX-TARRANT",NA,NA
"685","3199374","DENALI TRANSPORT INC.","FL-PINELLAS",NA,NA
"686","3236048","NATO EXPRESS LLC","FL-DADE",NA,NA
"687","3252529","FOR THE WIN TRANSPORT CORP.","GA-FULTON",NA,NA
"688","2793072","CELEBRITY TRAILERS","GA-DE KALB",NA,NA
"689","2992013","BAIT UL FATIMA LLC","TX-DALLAS",NA,NA
"690","2992686","W LOGISTICS INC","FL-DADE",NA,NA
"691","2961362","MLS TRUCKING ENTERPRISES LLC","GA-COBB",NA,NA
"692","2951977","SPF SERVICES INC.","GA-COBB",NA,NA
"693","2914599","ECO. EXPRESS TRANSPORTATION LLC","TX-DALLAS",NA,NA
"694","3040509","UTILITY TRAILER OF DALLAS INC.","TX-DALLAS",NA,NA
"695","1561541","AMERICAN SHORING INC","GA-CLAYTON",NA,NA
"696","1682888","NATURAL FOREST INC","FL-DADE",NA,NA
"697","2073213","PEACHTREE JUNK REMOVAL","GA-DE KALB",NA,NA
"698","1027327","B & G ENTERPRISES OF PASCO INC","FL-PASCO",NA,NA
"699","1147373","SPRING COOL TRANSFER INC.","FL-DADE",NA,NA
"700","1666803","COLOUR REPUBLIC LLC","FL-DADE",NA,NA
"701","2451744","UNIVERSAL SKY LLC","GA-FULTON",NA,NA
"702","2104152","JESTER NATIONAL LLC","GA-SPALDING",NA,NA
"703","2946830","ALEX BOSTIC","GA-HENRY",NA,NA
"704","2955024","K I O CARRIERS LLC","MD-PRINCE GEORGES",NA,0.357106220758967
"705","2998988","SMILEY SERVICE LLC","GA-LIBERTY",NA,NA
"706","3032459","HUDSON EXPRESS INC.","GA-NEWTON",NA,NA
"707","2569270","NU WAY EXPRESS","GA-HENRY",NA,NA
"708","2560436","THE BEST OPTION TRUCKING LLC","GA-CLAYTON",NA,NA
"709","2512704","JD CHI. TRANSPORT LLC","TX-DALLAS",NA,NA
"710","2793762","YND TRANSPORT LLC","GA-GWINNETT",NA,NA
"711","2786400","ZIP LLC","FL-PALM BEACH",NA,NA
"712","3186950","TAYANA TRANSPORTATION","GA-CLAYTON",NA,NA
"713","3100507","A2W ENTERPRISES LLC","GA-CLAYTON",NA,NA
"714","3289526","ENCOMPASS VACATIONS LLC","FL-INDIAN RIVER",NA,NA
"715","3321211","JDC XPRESS LLC","FL-DUVAL",NA,NA
"716","3350116","KT LOGISTIC LLC","GA-FULTON",NA,NA
"717","1016525","TRIUMPH MOTORCYCLES AMERICA LTD.","GA-FULTON",NA,NA
"718","2355449","SOUTH EASTERN CARRIERS SERVICES LLC","GA-CLAYTON",NA,NA
"719","2402663","ECONEXPRESS CARGO CORP.","FL-DADE",NA,NA
"720","1918389","CCCCC CORP","NY-KINGS",NA,NA
"721","2778882","DAKAR RALLY EXPRESS INC","GA-FULTON",NA,NA
"722","2985513","FORCE INFRASTRUCTURES & TECHNOLOGY","GA-COBB",NA,NA
"723","2974891","GD DELIVERY & TRANSPORT LLC","FL-OSCEOLA",NA,NA
"724","3047819","DENA ROSE CORP","GA-FULTON",NA,NA
"725","3185065","ACTIVATE LOGISTICS LLC","GA-COLUMBIA",NA,NA
"726","3178899","NATURES SOURCE PRODUCTS INC","FL-COLUMBIA",NA,NA
"727","3176369","3BM LOGISTICS INC","NC-UNION",NA,NA
"728","3214623","TNG WASTE SERVICES LLC","GA-FULTON",NA,NA
"729","3074907","SUPERFINE TRANSPORTATION LLC","NV-CLARK",NA,NA
"730","3089045","LASER LOCATORS LLC","FL-HILLSBOROUGH",NA,0.0582221452088026
"731","2052060","EXPOFLORA CARGO INC","FL-DADE",NA,NA
"732","2460678","L&T GLOBAL EXPRESS INC","GA-GWINNETT",NA,NA
"733","1899093","VANGUARD CARRIER SOLUTIONS LLC","FL-ORANGE",NA,NA
"734","1871817","GEORGIA FOOD & RESOURCE CENTER INC","GA-HENRY",NA,NA
"735","1489119","GREEN'S PREMIER TRANSPORT LLC","TX-FORT BEND",NA,NA
"736","1447522","SIMPLY L TRUCKING LLC","TX-TARRANT",NA,NA
"737","1249857","PHOENIX AMUSEMENTS INC","GA-FULTON",NA,NA
"738","2886654","GVP MEDIA INC","TX-HARRIS",NA,NA
"739","2927360","BRAINSTORM TRUCKING LLC","VA-PORTSMOUTH CITY",NA,NA
"740","3015863","OCHALOOR LLC","FL-DADE",NA,NA
"741","3000500","FOXHAUL GLOBAL LOGISTICS LLC","GA-DOUGLAS",NA,NA
"742","3041355","AMG LOGISTICS LLC","NC-JOHNSTON",NA,0.357106220758967
"743","3056458","TURKS TRUCKING LLC","GA-GWINNETT",NA,NA
"744","3056728","TRADE YOUR TIRES LLC","GA-CLAYTON",NA,NA
"745","2627651","CVT OPERATIONS LLC","FL-BROWARD",NA,NA
"746","3136685","GODWIN NWOKOCHA","GA-DOUGLAS",NA,NA
"747","3124717","BEC'S FREIGHT LLC","GA-CLAYTON",NA,NA
"748","3233007","SAEED EXPRESS LLC","FL-PALM BEACH",NA,NA
"749","3303992","HOOKED ON LOGISTICS LLC","TX-DALLAS",NA,0.0582221452088026
"750","3319229","NEWHOUSE INC","TX-TARRANT",NA,0.0582221452088026
"751","3245645","C R FREIGHT LLC","GA-CARROLL",NA,NA
"752","3245482","MOSES TRUCKING LLC","SC-RICHLAND",NA,NA
"753","3233116","MIDNIGHT MADNESS TRUCKING LLC","GA-GWINNETT",NA,0.0582221452088026
"754","3254040","CALIFORNIA CARRIERS LP","GA-COWETA",NA,NA
"755","3260105","BUTLER QUALITY TRANSPORTATION LLC","GA-RICHMOND",NA,NA
"756","3258277","ITALIAN ROSE GARLIC PRODUCTS LLC","FL-PALM BEACH",NA,NA
"757","3070474","H A M M TRANSPORT LLC","VA-STAFFORD",NA,NA
"758","3071175","CIBAK INC","GA-DE KALB",NA,NA
"759","3105077","TRENICE L KIRK","GA-UPSON",NA,NA
"760","3118480","MIDNIGHT EXPRESS TRANSPORTATION SOLUTIONS INC","GA-FULTON",NA,NA
"761","3124904","KKW TRANSPORT LLC","NJ-SUSSEX",NA,NA
"762","3134731","CMW LOGISTICS LLC","TX-TARRANT",NA,NA
"763","3157257","EDDIE J MASSEY JR MAHALIA ANNETTE MASSEY","TX-TARRANT",NA,NA
"764","3155364","J & B ON THE GO DELIVERIES LLC","GA-GWINNETT",NA,NA
"765","3149243","SAFOU & TEMBO TRANSPORT LLC","GA-GWINNETT",NA,0.357106220758967
"766","3144682","KING SHOKER LOGISTICS LLC","TX-HARRIS",NA,NA
"767","3185171","DVCL TRANSPORT LLC","FL-OSCEOLA",NA,0.0582221452088026
"768","3185597","M WILLIAMS TRUCKING LLC","NJ-MIDDLESEX",NA,NA
"769","3170199","CANNONBALL RUN TRANSPORT INC","IA-POLK",NA,NA
"770","3203349","KING KABOB LLC","GA-ROCKDALE",NA,NA
"771","3203111","POLR TRANSPORT INC","GA-FULTON",NA,NA
"772","3205412","AJM LOGISTICS INC","GA-FULTON",NA,NA
"773","3215749","KREE8IVE VIZION LOGISTICS","GA-DE KALB",NA,NA
"774","2869770","PD NATIONAL TRANSPORT INC.","GA-GWINNETT",NA,NA
"775","2864921","JDBS ENTERPRISE INC","GA-DOUGLAS",NA,NA
"776","2726106","ALL WAYS TRUCKING INC.","IL-COOK",NA,NA
"777","2582833","NOBLE WOLF TRUCKING INC.","GA-HENRY",NA,NA
"778","2496638","T & C TRUCKING- ELMORE LLP","AL-ELMORE",NA,NA
"779","1382843","STAY FOCUS INC","GA-FULTON",NA,NA
"780","2567517","THE MELTON GROUP LLC","AL-HOUSTON",NA,NA
"781","3033408","BENTLEY TRUCKING SERVICES LLC","GA-DE KALB",NA,NA
"782","3016049","BZ TRUCKING LLC","GA-COBB",NA,0.0582221452088026
"783","2980166","THOMPSON LOGISTICS & COURIER LLC","GA-GWINNETT",NA,NA
"784","2943881","MEDICAL OUTFITTERS INC","FL-DADE",NA,NA
"785","1111234","AYAR PRODUCE NY INC.","NY-KINGS",NA,NA
"786","1174610","LIBERTY VENDING & COFFEE SERVICE INC.","GA-DOUGLAS",NA,NA
"787","1221729","ATLAS SALES & LEASING INC","GA-GWINNETT",NA,NA
"788","1479535","RAUL NIUBO RODRIGUEZ","FL-BREVARD",NA,NA
"789","1545468","HARD WORK TRANSPORT CORP","FL-ORANGE",NA,0.533210881996188
"790","1387131","PREMIUM TRANSPORTATION AND TOURS INC","FL-ORANGE",NA,NA
"791","1897538","ROBRT MICHAEL ANDERSON","FL-VOLUSIA",NA,NA
"792","2013540","E R MCCOY TRUCKING","GA-MORGAN",NA,NA
"793","2364332","HERRICK TRANSPORT LLC","IN-HOWARD",NA,NA
"794","2208628","360 EXPEDITERS INC","MS-CLAY",NA,NA
"795","2183924","Q-LANE TRANSPORT LLC","GA-DE KALB",NA,NA
"796","3361233","PRO SEAL OF FLORIDA LLC","FL-LAKE",NA,NA
"797","3349328","UNIQUE MOVES TRANSPORTATION LLC","GA-MUSCOGEE",NA,NA
"798","3347118","COPELAND TRANSPORT SERVICE LLC","GA-GWINNETT",NA,NA
"799","3319417","MONTUFAR R TRUCKING LLC","GA-COBB",NA,NA
"800","3316242","TNL TRANSPORT LLC","GA-CHEROKEE",NA,NA
"801","3300912","EXOTIC CARRIERS LLC","MD-WASHINGTON",NA,NA
"802","3290051","GOALS 1 CARRIER'S LLC","TX-TARRANT",NA,NA
"803","3318627","TOP CAT TRUCKING LLC","GA-COBB",NA,NA
"804","3316282","FREIGHT-TASTIC LOGISTICS LLC","TX-DALLAS",NA,NA
"805","3334896","ELITE AUTOMOTIVE EXPRESS LLC","MO-JACKSON",NA,NA
"806","3353944","GET THERE FAST LLC","GA-FULTON",NA,NA
"807","3349473","EXPEDITE AUTHORITY INC","GA-FULTON",NA,NA
"808","3293909","SAE TRUCKING LLC","OH-SUMMIT",NA,NA
"809","3273954","OBBTRANSPORTATIONLLC","GA-COBB",NA,NA
"810","3286403","PAUL DELIVERY AND LOGISTICS","FL-BROWARD",NA,0.357106220758967
"811","3338264","DWAYNE MOODY","NC-CHATHAM",NA,NA
"812","3247130","SWISS TRANSPORT LLC","GA-COWETA",NA,NA
"813","3254159","VIVA FOODS INC","FL-MIAMI-DADE",NA,NA
"814","3084033","JMACK TRANSPORTATION LLC","FL-POLK",NA,NA
"815","3083525","WEATHERS TRANSPORT","GA-DE KALB",NA,NA
"816","3077095","JP TRUCKING & HAULING LLC","TN-DAVIDSON",NA,NA
"817","3196461","WAYQUI TRANSPORTATION LLC","FL-OSCEOLA",NA,NA
"818","3197450","EP TRANSPORTATION & SHIPPING LLC","GA-DOUGLAS",NA,NA
"819","3192200","SUNRAY TRANSPORT LLC","FL-POLK",NA,NA
"820","3026360","GREAT WAY FREIGHT LLC","GA-HENRY",NA,NA
"821","3035445","KANSEI TRANSPORTATION LLC","TX-BELL",NA,NA
"822","2529196","CATERING INC.","FL-BROWARD",NA,NA
"823","2611547","TNT TRUCKING LLC","FL-ORANGE",NA,NA
"824","2816184","GLOBAL HILL TRANSPORTATION LLC","TX-FORT BEND",NA,NA
"825","2078754","MIRACLE MILE TRUCKING AND LOGISTICS LLC","GA-GWINNETT",NA,NA
"826","2416655","K & C AUTOMOTIVE TRANSPORTATION CO INC","GA-PAULDING",NA,NA
"827","1212325","U S CARGO SERVICES INC.","IL-COOK",NA,NA
"828","1369816","BARRERA TRANSPORT LLC","FL-CHARLOTTE",NA,NA
"829","1572940","SEARIDERS BROKERAGE CORP","FL-BROWARD",NA,NA
"830","3065639","HONEYPOTT EXPRESS LLC","GA-COBB",NA,NA
"831","3087576","THE ATLANTA OPERA","GA-FULTON",NA,NA
"832","3095043","CHRISTWEAR CODES AMERICA LLC","MA-SUFFOLK",NA,NA
"833","3109790","GHOST TRUCKING LLC","GA-GWINNETT",NA,NA
"834","3152463","AZAZIAH CORP","GA-FULTON",NA,NA
"835","3161559","THURMAN CARRIERS LLC","GA-CLAYTON",NA,NA
"836","3160459","GATOR FREIGHTERS INC","FL-FLAGLER",NA,NA
"837","3197811","SLE LOGISTICS LLC","GA-ROCKDALE",NA,NA
"838","3204735","CANTY LOGISTICS LLC","GA-LIBERTY",NA,NA
"839","3203139","KMT HAULING LLC","GA-FAYETTE",NA,NA
"840","3228509","BLUE RIDGE TRANSPORT LLC","FL-CLAY",NA,NA
"841","3220348","TRIPLE R&B TRUCKING LLC","GA-COBB",NA,NA
"842","3208733","WE DRIVE CARGO INC","GA-FULTON",NA,NA
"843","3257955","RICHARD W L UPSHAW","IN-LA PORTE",NA,NA
"844","2782527","NICKENS ENTERPRISE LLC","GA-PAULDING",NA,NA
"845","2813484","TRU VISION EXPRESS LLC","MO-SAINT LOUIS",NA,NA
"846","2819968","VKAY KINGDOM LOGISTICS LLC","TX-DENTON",NA,NA
"847","2866553","GABRIEL AGUILAR","TX-TARRANT",NA,NA
"848","2850014","C2 SOLUTIONS LLC","GA-FULTON",NA,NA
"849","2514208","DASH DIRECT LLC","GA-COWETA",NA,NA
"850","2581444","D&E LOGISTIC LLC","MN-HENNEPIN",NA,NA
"851","3014851","STREAMLINE AMERICAN TRANSPORT LLC","FL-MARION",NA,NA
"852","3056376","MH DICKERSON LOGISTICS LLC","GA-DE KALB",NA,NA
"853","3034085","SEABORN CARRIERS LLC","GA-FULTON",NA,NA
"854","2961195","MOON-SPLIT LOGISTICS INC","TX-DALLAS",NA,NA
"855","2880744","ALL FREIGHT TRANSPORTATION LLC","AL-JEFFERSON",NA,NA
"856","2159949","KELDRICK CHAPPELL","TX-COLLIN",NA,NA
"857","2436411","ORGANIC HARVEST LLC","FL-DADE",NA,NA
"858","2410197","DARROW VENTURES INC","FL-VOLUSIA",NA,NA
"859","2416566","UNLIMITED LOGISTICS INC","GA-DE KALB",NA,NA
"860","2449694","AV TECHNICAL SUPPORT","TX-BEXAR",NA,NA
"861","2329553","SOUTHERN PRODUCTS & SERVICES INC.","GA-FORSYTH",NA,NA
"862","2339891","ADRENALINE DANCE INC.","TX-TARRANT",NA,NA
"863","1896904","ELITE LOGISTICS INC.","CO-ARAPAHOE",NA,NA
"864","2023171","MILLENNIUM TRANSPORTATION LLC","AL-JEFFERSON",NA,NA
"865","1725908","SHENEA ENTERPRISE INC","FL-BROWARD",NA,NA
"866","1803275","SUN BIODIESEL LLC","FL-MIAMI-DADE",NA,NA
"867","1246510","CESAR A SILVA","FL-DADE",NA,NA
"868","1398863","JOSHUA KILGORE","GA-FANNIN",NA,NA
"869","3301672","MIG PROFESSIONAL TRANSPORT SERVICES LLC","GA-DECATUR",NA,NA
"870","3300825","ROCKET TRANSPORT OF MIAMI LLC","GA-DE KALB",NA,0.357106220758967
"871","3296675","KELLY'S TRANSPORTATION SERVICES LLC","GA-FULTON",NA,NA
"872","3300504","TKB OPERATIONS LLC","FL-ESCAMBIA",NA,NA
"873","3291887","AMERICAN FREIGHT LOGISTICS LLC","NE-DAKOTA",NA,NA
"874","3294716","PROPHETS LLC","TX-DALLAS",NA,NA
"875","3289374","KAMY ENTERPRISES INC","FL-HILLSBOROUGH",NA,NA
"876","3289168","OFFEM TRUCKING LLC","GA-FULTON",NA,NA
"877","3286925","BURLOADS EXPRESS LLC","TX-JOHNSON",NA,NA
"878","3329371","GOLDEN MEMORIAL PLANNING SERVICES LLC","NC-MARTIN",NA,NA
"879","3333398","SURETY LLC","WY-SHERIDAN",NA,NA
"880","3341762","CEM APPLIANCES INSTALLATION INC","GA-GWINNETT",NA,NA
"881","3272440","BLANCO LOGISTICS LLC","NC-MECKLENBURG",NA,NA
"882","2217859","RYDER SYSTEM INC.","FL-DADE",NA,NA
"883","2049731","STATE TO STATE VAN LINES LLC","TX-COLLIN",NA,NA
"884","2079658","CRESCENT CARRIERS LLC","GA-FULTON",NA,NA
"885","2302542","MAXIMUM RX CREDIT INC","GA-GWINNETT",NA,NA
"886","2331160","ANDREY LOGISTICS INC.","OH-CUYAHOGA",NA,NA
"887","2362780","MAZDA 2000 TRANSPORTATION INC.","NJ-BURLINGTON",NA,NA
"888","1270161","DOWNTOWN HUB INC","FL-DADE",NA,NA
"889","3023740","JMMC TRANSPORT LLC","GA-FULTON",NA,NA
"890","3059601","BASIL TRANSPORTATION LLC","GA-FULTON",NA,NA
"891","3047476","CERTIFIED FINISHES INC","GA-FULTON",NA,NA
"892","2943447","TOMPKINS EXPRESS LLC","FL-ORANGE",NA,NA
"893","2956211","FAITH HOPE LOVE INC.","GA-CLAYTON",NA,NA
"894","2552374","WARE HAULING LLC","GA-ROCKDALE",NA,NA
"895","2576247","METRO SOUTH LOGISTICS LLC","GA-FAYETTE",NA,NA
"896","3254320","FANTA TRANSPORTATION LLC","GA-PAULDING",NA,NA
"897","3256843","RUN BY LOAD LLC","NC-GUILFORD",NA,NA
"898","3247526","RICH ROOTS TRUCKING LLC","NC-MECKLENBURG",NA,NA
"899","3192596","BROOKS SPEEDY TRANSPORTATION LLC","GA-FULTON",NA,NA
"900","3231850","RELIANT TRANSPORTATION LLC","GA-DE KALB",NA,NA
"901","3151090","LASHAW SERVICES LLC","ND-STARK",NA,NA
"902","3175751","RL & MAINE TRUCKING LLC","GA-GWINNETT",NA,NA
"903","3074882","SPEEDY TEAM EXPRESS INC","CA-LOS ANGELES",NA,NA
"904","3082860","REIDWAY TRUCKING LLC","GA-FULTON",NA,NA
"905","3117082","GUTHERY SCRAP METAL LLC","GA-CARROLL",NA,NA
"906","3133878","SDM SERVICE GROUP LLC","GA-GWINNETT",NA,NA
"907","3130421","K2M EXPRESS INC","IL-COOK",NA,0.357106220758967
